experiment,lab,n_audit_error,n_audit_notcompliant,n_audit_warning
ENCSR000APD,"Bradley Bernstein, Broad",0,7,27
ENCSR000BIV,"Richard Myers, HAIB",0,0,10
ENCSR000AQG,"Bradley Bernstein, Broad",0,1,14
ENCSR000AKQ,"Bradley Bernstein, Broad",0,6,36
ENCSR000AKO,"Bradley Bernstein, Broad",0,2,10
ENCSR000BHM,"Richard Myers, HAIB",0,0,5
ENCSR000ATW,"Bradley Bernstein, Broad",1,2,15
ENCSR000AND,"Bradley Bernstein, Broad",0,0,8
ENCSR000AVA,"Bradley Bernstein, Broad",0,1,9
ENCSR000BJW,"Richard Myers, HAIB",0,1,6
ENCSR000AUB,"Bradley Bernstein, Broad",0,0,8
ENCSR000BKH,"Richard Myers, HAIB",0,4,7
ENCSR000AKX,"Bradley Bernstein, Broad",0,4,4
ENCSR000ATR,"Bradley Bernstein, Broad",0,3,6
ENCSR000BKM,"Richard Myers, HAIB",0,0,9
ENCSR000AVB,"Bradley Bernstein, Broad",0,0,7
ENCSR000ATQ,"Bradley Bernstein, Broad",0,0,6
ENCSR000AKT,"Bradley Bernstein, Broad",0,2,8
ENCSR000ATX,"Bradley Bernstein, Broad",0,6,8
ENCSR000ATZ,"Bradley Bernstein, Broad",0,0,8
ENCSR000AQD,"Bradley Bernstein, Broad",0,0,8
ENCSR000ATJ,"Bradley Bernstein, Broad",0,0,12
ENCSR000BKD,"Richard Myers, HAIB",0,0,7
ENCSR000AKU,"Bradley Bernstein, Broad",0,1,10
ENCSR000ASY,"Bradley Bernstein, Broad",0,1,12
ENCSR000BIW,"Richard Myers, HAIB",0,1,6
ENCSR000BJA,"Richard Myers, HAIB",0,0,4
ENCSR000ATM,"Bradley Bernstein, Broad",0,4,9
ENCSR000ANC,"Bradley Bernstein, Broad",0,0,5
ENCSR000APC,"Bradley Bernstein, Broad",0,0,9
ENCSR000AKV,"Bradley Bernstein, Broad",0,1,12
ENCSR000BIP,"Richard Myers, HAIB",0,0,4
ENCSR000BIT,"Richard Myers, HAIB",0,0,6
ENCSR000APX,"Bradley Bernstein, Broad",0,0,3
ENCSR000ATT,"Bradley Bernstein, Broad",0,0,7
ENCSR000AUQ,"Bradley Bernstein, Broad",0,0,6
ENCSR000AQJ,"Bradley Bernstein, Broad",0,3,15
ENCSR000AQE,"Bradley Bernstein, Broad",0,0,7
ENCSR000AKR,"Bradley Bernstein, Broad",0,6,29
ENCSR000AUS,"Bradley Bernstein, Broad",0,0,2
ENCSR000AQK,"Bradley Bernstein, Broad",0,1,8
ENCSR000AQA,"Bradley Bernstein, Broad",0,1,14
ENCSR000ATY,"Bradley Bernstein, Broad",0,3,3
ENCSR000BKO,"Richard Myers, HAIB",0,0,7
ENCSR000BHO,"Richard Myers, HAIB",0,0,6
ENCSR000AVC,"Bradley Bernstein, Broad",0,1,5
ENCSR000BGW,"Richard Myers, HAIB",0,0,9
ENCSR000AUA,"Bradley Bernstein, Broad",0,3,5
ENCSR000BIS,"Richard Myers, HAIB",0,0,6
ENCSR000ATS,"Bradley Bernstein, Broad",0,0,10
ENCSR000AQF,"Bradley Bernstein, Broad",0,1,15
ENCSR000AQI,"Bradley Bernstein, Broad",0,3,11
ENCSR000AUT,"Bradley Bernstein, Broad",0,0,4
ENCSR000APY,"Bradley Bernstein, Broad",0,2,5
ENCSR000AMH,"Bradley Bernstein, Broad",0,2,5
ENCSR000AKW,"Bradley Bernstein, Broad",0,3,5
ENCSR000AVE,"Bradley Bernstein, Broad",0,0,4
ENCSR000AQC,"Bradley Bernstein, Broad",0,0,8
ENCSR000AMG,"Bradley Bernstein, Broad",0,1,4
ENCSR000ATL,"Bradley Bernstein, Broad",0,4,9
ENCSR000ATK,"Bradley Bernstein, Broad",0,0,10
ENCSR000AUC,"Bradley Bernstein, Broad",0,4,8
ENCSR000BKF,"Richard Myers, HAIB",0,0,6
ENCSR000ATV,"Bradley Bernstein, Broad",0,0,4
ENCSR000AVD,"Bradley Bernstein, Broad",0,0,7
ENCSR000AQH,"Bradley Bernstein, Broad",0,0,12
ENCSR000BIQ,"Richard Myers, HAIB",0,0,6
ENCSR000BHN,"Richard Myers, HAIB",0,0,6
ENCSR000ANP,"Bradley Bernstein, Broad",0,0,5
ENCSR000ANB,"Bradley Bernstein, Broad",0,2,5
ENCSR000ANA,"Bradley Bernstein, Broad",0,2,3
ENCSR000AKP,"Bradley Bernstein, Broad",1,0,35
ENCSR000BGX,"Richard Myers, HAIB",0,0,5
ENCSR000ATU,"Bradley Bernstein, Broad",0,3,5
ENCSR000BIC,"Richard Myers, HAIB",0,0,4
ENCSR000APZ,"Bradley Bernstein, Broad",0,1,7
ENCSR000ALU,"Bradley Bernstein, Broad",0,2,5
ENCSR000BKK,"Richard Myers, HAIB",0,0,7
ENCSR000AKS,"Bradley Bernstein, Broad",0,4,33
ENCSR000APE,"Bradley Bernstein, Broad",0,5,4
ENCSR000BKS,"Richard Myers, HAIB",1,6,7
ENCSR000DJY,"Kevin White, UChicago",0,2,10
ENCSR000DJX,"Kevin White, UChicago",0,0,12
ENCSR000EBQ,"Michael Snyder, Stanford",0,0,8
ENCSR000BKU,"Richard Myers, HAIB",1,6,8
ENCSR000DOG,"Kevin Struhl, HMS",0,4,2
ENCSR000DJZ,"Kevin White, UChicago",0,1,7
ENCSR000BSO,"Richard Myers, HAIB",0,0,1
ENCSR000BMU,"Richard Myers, HAIB",0,0,10
ENCSR000EBS,"Michael Snyder, Stanford",0,0,11
ENCSR000DLJ,"Vishwanath Iyer, UTA",2,0,4
ENCSR000DOF,"Kevin Struhl, HMS",0,4,4
ENCSR000EBT,"Michael Snyder, Stanford",0,0,8
ENCSR000DOE,"Kevin Struhl, HMS",2,2,2
ENCSR000BMV,"Richard Myers, HAIB",0,4,10
ENCSR000BKP,"Richard Myers, HAIB",0,2,9
ENCSR000DKA,"Kevin White, UChicago",0,1,6
ENCSR000BMR,"Richard Myers, HAIB",0,4,4
ENCSR000EBO,"Michael Snyder, Stanford",0,0,8
ENCSR000BLD,"Richard Myers, HAIB",0,0,8
ENCSR000BNR,"Richard Myers, HAIB",0,0,10
ENCSR000EBV,"Michael Snyder, Stanford",0,0,5
ENCSR000BRK,"Richard Myers, HAIB",0,0,3
ENCSR000BNE,"Richard Myers, HAIB",0,4,8
ENCSR000DOB,"Kevin Struhl, HMS",1,1,7
ENCSR000BQY,"Richard Myers, HAIB",0,0,3
ENCSR000BRS,"Richard Myers, HAIB",0,0,7
ENCSR000BKV,"Richard Myers, HAIB",0,2,7
ENCSR000BRT,"Richard Myers, HAIB",0,0,4
ENCSR000DOI,"Kevin Struhl, HMS",1,3,3
ENCSR000BMH,"Richard Myers, HAIB",0,2,10
ENCSR000BNN,"Richard Myers, HAIB",0,4,9
ENCSR000BRR,"Richard Myers, HAIB",0,0,4
ENCSR000BRQ,"Richard Myers, HAIB",0,1,4
ENCSR000DOC,"Kevin Struhl, HMS",0,6,6
ENCSR000BSI,"Richard Myers, HAIB",0,0,1
ENCSR000BLO,"Richard Myers, HAIB",0,8,6
ENCSR000BLP,"Richard Myers, HAIB",0,0,8
ENCSR000BRW,"Richard Myers, HAIB",0,1,9
ENCSR000BNV,"Richard Myers, HAIB",0,4,9
ENCSR000DMA,"Vishwanath Iyer, UTA",0,5,1
ENCSR000BMW,"Richard Myers, HAIB",0,7,8
ENCSR000BKT,"Richard Myers, HAIB",1,6,8
ENCSR000BPJ,"Richard Myers, HAIB",0,1,13
ENCSR000BNM,"Richard Myers, HAIB",0,4,9
ENCSR000BNL,"Richard Myers, HAIB",1,2,7
ENCSR000BLI,"Richard Myers, HAIB",0,3,12
ENCSR000DOH,"Kevin Struhl, HMS",0,4,2
ENCSR000DJW,"Kevin White, UChicago",0,1,7
ENCSR000BMD,"Richard Myers, HAIB",0,4,9
ENCSR000DLY,"Vishwanath Iyer, UTA",0,1,6
ENCSR000DOD,"Kevin Struhl, HMS",3,3,9
ENCSR000BQV,"Richard Myers, HAIB",0,0,3
ENCSR000EBX,"Michael Snyder, Stanford",0,0,9
ENCSR000EBP,"Michael Snyder, Stanford",0,0,10
ENCSR000BKQ,"Richard Myers, HAIB",0,4,8
ENCSR000DNZ,"Kevin Struhl, HMS",0,0,9
ENCSR000BMG,"Richard Myers, HAIB",0,3,9
ENCSR000DLI,"Vishwanath Iyer, UTA",0,2,3
ENCSR000BNU,"Richard Myers, HAIB",0,4,7
ENCSR000BNK,"Richard Myers, HAIB",0,3,8
ENCSR000DLZ,"Vishwanath Iyer, UTA",0,6,10
ENCSR000DOJ,"Kevin Struhl, HMS",3,3,6
ENCSR000BMT,"Richard Myers, HAIB",0,3,5
ENCSR000DWE,"John Stamatoyannopoulos, UW",0,3,7
ENCSR000EBR,"Michael Snyder, Stanford",0,0,4
ENCSR000DOK,"Kevin Struhl, HMS",0,6,3
ENCSR000BLR,"Richard Myers, HAIB",0,4,10
ENCSR000BLK,"Richard Myers, HAIB",0,2,5
ENCSR000BLU,"Richard Myers, HAIB",0,0,9
ENCSR000DOA,"Kevin Struhl, HMS",1,1,10
ENCSR000DWD,"John Stamatoyannopoulos, UW",0,0,8
ENCSR000EBU,"Michael Snyder, Stanford",0,0,9
ENCSR000BME,"Richard Myers, HAIB",0,4,11
ENCSR000BMJ,"Richard Myers, HAIB",0,0,4
ENCSR000BQG,"Richard Myers, HAIB",0,0,7
ENCSR000BNS,"Richard Myers, HAIB",0,1,9
ENCSR000BKR,"Richard Myers, HAIB",0,5,8
ENCSR000DWB,"John Stamatoyannopoulos, UW",0,6,4
ENCSR000BNW,"Richard Myers, HAIB",0,1,6
ENCSR000EWM,"Peggy Farnham, USC",1,3,3
ENCSR000ECF,"Michael Snyder, Stanford",0,0,8
ENCSR000EUO,"Peggy Farnham, USC",0,3,8
ENCSR000EUN,"Peggy Farnham, USC",1,0,9
ENCSR000EFR,"Michael Snyder, Stanford",0,0,9
ENCSR000EGF,"Michael Snyder, Stanford",0,0,8
ENCSR000FAG,"Sherman Weissman, Yale",2,2,3
ENCSR000EGZ,"Michael Snyder, Stanford",0,0,10
ENCSR000ECC,"Michael Snyder, Stanford",0,0,9
ENCSR000EGQ,"Michael Snyder, Stanford",2,3,8
ENCSR000EHF,"Michael Snyder, Stanford",1,3,1
ENCSR000EGY,"Michael Snyder, Stanford",1,1,5
ENCSR000EFV,"Michael Snyder, Stanford",0,1,10
ENCSR000EVY,"Peggy Farnham, USC",0,2,9
ENCSR000EGW,"Michael Snyder, Stanford",0,1,7
ENCSR000FAI,"Sherman Weissman, Yale",3,3,3
ENCSR000EBZ,"Michael Snyder, Stanford",0,0,10
ENCSR000EHC,"Michael Snyder, Stanford",0,0,8
ENCSR000EBY,"Michael Snyder, Stanford",0,0,13
ENCSR000EWE,"Peggy Farnham, USC",0,4,2
ENCSR000ECB,"Michael Snyder, Stanford",0,0,7
ENCSR000EWA,"Peggy Farnham, USC",0,0,12
ENCSR000EFN,"Michael Snyder, Stanford",0,0,9
ENCSR000EGV,"Michael Snyder, Stanford",0,0,6
ENCSR000EFU,"Michael Snyder, Stanford",0,0,9
ENCSR000EGJ,"Michael Snyder, Stanford",0,0,9
ENCSR000EFS,"Michael Snyder, Stanford",0,0,14
ENCSR000EGR,"Michael Snyder, Stanford",1,4,9
ENCSR000EVZ,"Peggy Farnham, USC",0,0,5
ENCSR000FAF,"Sherman Weissman, Yale",2,2,2
ENCSR000EFO,"Michael Snyder, Stanford",0,0,8
ENCSR000EVX,"Peggy Farnham, USC",0,0,15
ENCSR000EFP,"Michael Snyder, Stanford",0,0,10
ENCSR000ECE,"Michael Snyder, Stanford",0,0,7
ENCSR000EHO,"Michael Snyder, Stanford",0,3,5
ENCSR000EHL,"Michael Snyder, Stanford",0,4,4
ENCSR000FAJ,"Sherman Weissman, Yale",0,4,2
ENCSR000EHN,"Michael Snyder, Stanford",0,2,8
ENCSR000EHB,"Michael Snyder, Stanford",0,0,11
ENCSR000EHE,"Michael Snyder, Stanford",0,0,7
ENCSR000EHQ,"Michael Snyder, Stanford",2,3,0
ENCSR000EHA,"Michael Snyder, Stanford",0,0,12
ENCSR000EWC,"Peggy Farnham, USC",0,6,10
ENCSR000EFT,"Michael Snyder, Stanford",0,0,18
ENCSR000EWH,"Peggy Farnham, USC",0,4,2
ENCSR000EGA,"Michael Snyder, Stanford",0,0,8
ENCSR000EHG,"Michael Snyder, Stanford",0,0,8
ENCSR000EWI,"Peggy Farnham, USC",0,4,2
ENCSR000EWN,"Peggy Farnham, USC",2,2,0
ENCSR000FAD,"Sherman Weissman, Yale",0,4,2
ENCSR000FCB,"Richard Myers, HAIB",0,0,2
ENCSR000EFX,"Michael Snyder, Stanford",0,0,5
ENCSR000EFW,"Michael Snyder, Stanford",0,0,15
ENCSR000EUQ,"Peggy Farnham, USC",0,3,4
ENCSR000FCC,"Richard Myers, HAIB",0,0,3
ENCSR000EWJ,"Peggy Farnham, USC",2,2,2
ENCSR000EWL,"Peggy Farnham, USC",1,3,1
ENCSR000EGX,"Michael Snyder, Stanford",0,0,6
ENCSR000EGB,"Michael Snyder, Stanford",0,0,9
ENCSR000EGC,"Michael Snyder, Stanford",0,0,11
ENCSR000EGD,"Michael Snyder, Stanford",0,0,11
ENCSR000EGG,"Michael Snyder, Stanford",0,0,6
ENCSR000FAC,"Sherman Weissman, Yale",1,3,2
ENCSR000EFQ,"Michael Snyder, Stanford",0,0,5
ENCSR000EHD,"Michael Snyder, Stanford",0,0,4
ENCSR000EGO,"Michael Snyder, Stanford",0,0,12
ENCSR000FAH,"Sherman Weissman, Yale",1,3,3
ENCSR000FCD,"Richard Myers, HAIB",0,0,2
ENCSR000EGI,"Michael Snyder, Stanford",0,0,8
ENCSR000EGN,"Michael Snyder, Stanford",0,0,10
ENCSR000EHH,"Michael Snyder, Stanford",1,0,5
ENCSR000EWF,"Peggy Farnham, USC",0,4,3
ENCSR000EFY,"Michael Snyder, Stanford",0,0,10
ENCSR000EWG,"Peggy Farnham, USC",0,5,2
ENCSR000EWD,"Peggy Farnham, USC",0,4,5
ENCSR000FAE,"Sherman Weissman, Yale",1,3,3
ENCSR000EFZ,"Michael Snyder, Stanford",0,0,14
ENCSR000EGE,"Michael Snyder, Stanford",0,0,8
ENCSR000EGM,"Michael Snyder, Stanford",0,0,10
ENCSR000EWB,"Peggy Farnham, USC",0,6,5
ENCSR008DOU,"Michael Snyder, Stanford",0,0,7
ENCSR015KAM,"Richard Myers, HAIB",0,0,7
ENCSR032DGZ,"Richard Myers, HAIB",0,0,5
ENCSR026RAK,"Michael Snyder, Stanford",0,2,5
ENCSR017EJY,"Michael Snyder, Stanford",0,0,2
ENCSR048PPE,"Richard Myers, HAIB",0,0,7
ENCSR034IND,"Richard Myers, HAIB",0,0,5
ENCSR026KKZ,"Michael Snyder, Stanford",0,0,4
ENCSR002ZGC,"Michael Snyder, Stanford",0,0,4
ENCSR084WHZ,"Richard Myers, HAIB",0,0,6
ENCSR054JMQ,"Michael Snyder, Stanford",0,0,5
ENCSR044UJJ,"Michael Snyder, Stanford",0,0,6
ENCSR004GKA,"Michael Snyder, Stanford",0,0,5
ENCSR033NQK,"Michael Snyder, Stanford",0,2,6
ENCSR065XVO,"Michael Snyder, Stanford",0,0,4
ENCSR075HTM,"Michael Snyder, Stanford",0,0,2
ENCSR028UIU,"Michael Snyder, Stanford",0,0,6
ENCSR041AXL,"Michael Snyder, Stanford",0,0,5
ENCSR033VAZ,"Michael Snyder, Stanford",0,0,0
ENCSR011PEI,"Kevin White, UChicago",0,0,5
ENCSR029TLS,"Richard Myers, HAIB",0,0,5
ENCSR068QXO,"Richard Myers, HAIB",0,0,6
ENCSR029OPK,"Richard Myers, HAIB",0,0,6
ENCSR028WJI,"Richard Myers, HAIB",0,0,6
ENCSR014ARU,"Richard Myers, HAIB",0,0,1
ENCSR000FCE,"Richard Myers, HAIB",0,0,4
ENCSR063FUV,"Richard Myers, HAIB",0,0,5
ENCSR004HEA,"Michael Snyder, Stanford",0,0,4
ENCSR077TKJ,"Michael Snyder, Stanford",0,0,7
ENCSR058DRG,"Richard Myers, HAIB",0,0,5
ENCSR011WGT,"Richard Myers, HAIB",0,0,5
ENCSR085XDP,"Richard Myers, HAIB",0,0,9
ENCSR027BEE,"Michael Snyder, Stanford",0,0,7
ENCSR091GVJ,"Michael Snyder, Stanford",0,0,2
ENCSR013UDY,"Richard Myers, HAIB",0,0,7
ENCSR038DJJ,"Michael Snyder, Stanford",0,2,3
ENCSR077DKV,"Richard Myers, HAIB",0,0,3
ENCSR019SQX,"Bradley Bernstein, Broad",0,1,9
ENCSR043VGU,"Bing Ren, UCSD",1,2,6
ENCSR057BTG,"Bing Ren, UCSD",0,6,4
ENCSR047TJL,"Bing Ren, UCSD",0,1,10
ENCSR086FZL,"Michael Snyder, Stanford",0,0,6
ENCSR085QEV,"Michael Snyder, Stanford",0,0,3
ENCSR051DXE,"Xiang-Dong Fu, UCSD",0,0,4
ENCSR038PFD,"Bing Ren, UCSD",1,0,2
ENCSR044IXA,"Michael Snyder, Stanford",0,0,0
ENCSR091JXL,"Michael Snyder, Stanford",0,0,7
ENCSR003SSR,"Joseph Costello, UCSF",2,2,3
ENCSR024LKA,"Michael Snyder, Stanford",0,2,7
ENCSR056VYW,"Michael Snyder, Stanford",0,0,4
ENCSR085DDI,"Michael Snyder, Stanford",0,0,0
ENCSR030TJP,"Michael Snyder, Stanford",0,2,0
ENCSR023OOE,"Michael Snyder, Stanford",0,0,7
ENCSR005NMT,"Michael Snyder, Stanford",0,0,7
ENCSR024CNP,"Michael Snyder, Stanford",0,0,2
ENCSR056VMR,"Richard Myers, HAIB",0,0,5
ENCSR047LSJ,"Xiang-Dong Fu, UCSD",0,0,9
ENCSR052PTN,"Xiang-Dong Fu, UCSD",0,5,7
ENCSR072VUO,"Xiang-Dong Fu, UCSD",0,0,5
ENCSR076YPO,"Richard Myers, HAIB",0,0,0
ENCSR063WYJ,"Bing Ren, UCSD",0,3,7
ENCSR051OUX,"Michael Snyder, Stanford",0,2,2
ENCSR023IPQ,"Michael Snyder, Stanford",0,0,4
ENCSR079WHK,"Michael Snyder, Stanford",0,0,1
ENCSR003GUC,"Michael Snyder, Stanford",0,0,6
ENCSR041YBR,"Richard Myers, HAIB",0,0,5
ENCSR087TYG,"Richard Myers, HAIB",0,0,3
ENCSR018MSO,"Kevin White, UChicago",0,0,2
ENCSR059BWP,"Michael Snyder, Stanford",0,0,4
ENCSR091IQZ,"Michael Snyder, Stanford",0,0,9
ENCSR041QAZ,"Michael Snyder, Stanford",0,0,4
ENCSR038RGL,"Michael Snyder, Stanford",0,0,3
ENCSR031TFS,"Michael Snyder, Stanford",0,0,5
ENCSR011NOZ,"Michael Snyder, Stanford",0,0,1
ENCSR014RCS,"Xiang-Dong Fu, UCSD",0,4,8
ENCSR036QIR,"Michael Snyder, Stanford",0,0,4
ENCSR068VRA,"Michael Snyder, Stanford",0,0,0
ENCSR017GBO,"Kevin White, UChicago",0,0,3
ENCSR090JNM,"Michael Snyder, Stanford",0,0,0
ENCSR034GHQ,"Michael Snyder, Stanford",0,0,4
ENCSR124YFA,"Richard Myers, HAIB",0,0,1
ENCSR127NBZ,"Michael Snyder, Stanford",0,0,4
ENCSR150LGS,"Richard Myers, HAIB",0,0,6
ENCSR110JLQ,"Michael Snyder, Stanford",0,0,6
ENCSR163VTS,"Richard Myers, HAIB",0,0,5
ENCSR115QIT,"Richard Myers, HAIB",0,0,3
ENCSR126YJQ,"Michael Snyder, Stanford",0,0,8
ENCSR113LAS,"Michael Snyder, Stanford",0,0,2
ENCSR138YYY,"Michael Snyder, Stanford",0,2,4
ENCSR115SMW,"Michael Snyder, Stanford",0,0,0
ENCSR106FRG,"Michael Snyder, Stanford",0,0,2
ENCSR107RHZ,"Michael Snyder, Stanford",0,0,2
ENCSR157TCS,"Michael Snyder, Stanford",0,0,2
ENCSR099MNR,"Michael Snyder, Stanford",0,0,4
ENCSR175SZH,"Michael Snyder, Stanford",0,0,2
ENCSR167KBO,"Michael Snyder, Stanford",0,0,0
ENCSR168CEE,"Michael Snyder, Stanford",0,0,4
ENCSR158RYZ,"Kevin White, UChicago",0,0,3
ENCSR117WTM,"Michael Snyder, Stanford",0,0,4
ENCSR156JWW,"Richard Myers, HAIB",0,0,9
ENCSR166BAY,"Richard Myers, HAIB",0,0,7
ENCSR130PDE,"Michael Snyder, Stanford",0,0,8
ENCSR138FUZ,"Michael Snyder, Stanford",0,0,5
ENCSR153DWR,"Richard Myers, HAIB",0,0,6
ENCSR140GLO,"Richard Myers, HAIB",0,0,6
ENCSR158LJN,"Richard Myers, HAIB",0,0,7
ENCSR125YGM,"Michael Snyder, Stanford",0,0,6
ENCSR133DMU,"Richard Myers, HAIB",0,0,6
ENCSR146UIC,"Richard Myers, HAIB",0,0,2
ENCSR092DCD,"Richard Myers, HAIB",0,0,1
ENCSR110QIL,"Michael Snyder, Stanford",0,0,4
ENCSR177DNR,"Xiang-Dong Fu, UCSD",0,3,7
ENCSR121SPB,"Michael Snyder, Stanford",0,0,18
ENCSR119FAD,"Michael Snyder, Stanford",0,0,5
ENCSR109YGM,"Michael Snyder, Stanford",0,0,9
ENCSR137ZMQ,"Michael Snyder, Stanford",0,0,3
ENCSR124BJR,"Michael Snyder, Stanford",0,0,4
ENCSR145TSJ,"Michael Snyder, Stanford",0,2,4
ENCSR099NCH,"Michael Snyder, Stanford",0,0,1
ENCSR138SFL,"Michael Snyder, Stanford",0,0,4
ENCSR093FKD,"Michael Snyder, Stanford",0,0,9
ENCSR142YYA,"Michael Snyder, Stanford",0,2,8
ENCSR115BBC,"Michael Snyder, Stanford",0,2,4
ENCSR175EOM,"Michael Snyder, Stanford",0,0,2
ENCSR119ULQ,"Michael Snyder, Stanford",0,2,2
ENCSR149ZBI,"Kevin White, UChicago",0,0,6
ENCSR107GRP,"Michael Snyder, Stanford",0,0,0
ENCSR163IUV,"Richard Myers, HAIB",0,0,1
ENCSR172OSX,"Michael Snyder, Stanford",0,0,0
ENCSR160QYK,"Michael Snyder, Stanford",0,0,0
ENCSR116NDV,"Richard Myers, HAIB",0,0,3
ENCSR120MPG,"Michael Snyder, Stanford",0,2,0
ENCSR161NON,"Bing Ren, UCSD",0,0,3
ENCSR130EML,"Bing Ren, UCSD",0,3,4
ENCSR130HEG,"Michael Snyder, Stanford",0,0,6
ENCSR125RFR,"Richard Myers, HAIB",0,0,5
ENCSR128KLX,"Michael Snyder, Stanford",0,0,2
ENCSR103TYK,"Michael Snyder, Stanford",0,0,1
ENCSR159OCC,"Richard Myers, HAIB",0,0,0
ENCSR126FZN,"Michael Snyder, Stanford",0,0,4
ENCSR100UQX,"Michael Snyder, Stanford",0,2,2
ENCSR158BGH,"Michael Snyder, Stanford",0,0,2
ENCSR154EIH,"Michael Snyder, Stanford",0,2,6
ENCSR119VCX,"Michael Snyder, Stanford",0,0,2
ENCSR115HLM,"Michael Snyder, Stanford",0,0,1
ENCSR162IEM,"Michael Snyder, Stanford",0,0,7
ENCSR171CAY,"Michael Snyder, Stanford",0,0,7
ENCSR153HNT,"Richard Myers, HAIB",0,0,3
ENCSR102KIN,"Richard Myers, HAIB",0,0,4
ENCSR150QDE,"Richard Myers, HAIB",0,0,5
ENCSR164RIC,"Michael Snyder, Stanford",0,0,6
ENCSR096OUP,"Michael Snyder, Stanford",0,0,4
ENCSR121PFY,"Michael Snyder, Stanford",0,0,0
ENCSR112RNT,"Xiang-Dong Fu, UCSD",0,3,6
ENCSR160ZLP,"Bradley Bernstein, Broad",0,0,8
ENCSR172XJS,"Michael Snyder, Stanford",0,0,2
ENCSR167JBG,"Michael Snyder, Stanford",0,0,5
ENCSR143CEO,"Michael Snyder, Stanford",0,0,0
ENCSR155KHM,"Michael Snyder, Stanford",0,0,4
ENCSR109SJT,"Michael Snyder, Stanford",0,0,7
ENCSR279OXE,"Michael Snyder, Stanford",0,0,7
ENCSR248QBT,"Richard Myers, HAIB",0,0,3
ENCSR181ELQ,"Michael Snyder, Stanford",0,0,5
ENCSR231CZR,"Michael Snyder, Stanford",0,0,4
ENCSR279IMD,"Richard Myers, HAIB",0,0,5
ENCSR264OKN,"Richard Myers, HAIB",0,0,9
ENCSR231ZVN,"Michael Snyder, Stanford",0,0,4
ENCSR236JZN,"Michael Snyder, Stanford",0,0,6
ENCSR214RUE,"Richard Myers, HAIB",0,0,3
ENCSR245QUM,"Richard Myers, HAIB",0,0,1
ENCSR187RGF,"Michael Snyder, Stanford",0,0,6
ENCSR201NQZ,"Michael Snyder, Stanford",0,0,1
ENCSR189PYJ,"Michael Snyder, Stanford",0,0,5
ENCSR230PTV,"Michael Snyder, Stanford",0,0,2
ENCSR230WNU,"Bing Ren, UCSD",0,0,16
ENCSR197ALX,"Michael Snyder, Stanford",0,0,3
ENCSR237VLT,"Michael Snyder, Stanford",0,0,0
ENCSR272JAT,"Richard Myers, HAIB",0,0,2
ENCSR282SNG,"Bing Ren, UCSD",0,2,6
ENCSR178DEG,"Michael Snyder, Stanford",0,0,7
ENCSR225OGU,"Richard Myers, HAIB",0,0,8
ENCSR269BSA,"Richard Myers, HAIB",0,0,2
ENCSR203PCF,"Richard Myers, HAIB",0,0,1
ENCSR229QAN,"Richard Myers, HAIB",0,0,7
ENCSR199PXS,"Richard Myers, HAIB",0,0,5
ENCSR228ELU,"Richard Myers, HAIB",0,0,5
ENCSR214EKV,"Michael Snyder, Stanford",0,0,7
ENCSR229KXQ,"Richard Myers, HAIB",0,0,1
ENCSR201DCF,"Richard Myers, HAIB",0,0,5
ENCSR249VFB,"Richard Myers, HAIB",0,0,6
ENCSR208VNN,"Michael Snyder, Stanford",0,0,5
ENCSR280IFJ,"Bing Ren, UCSD",0,3,14
ENCSR260GQA,"Michael Snyder, Stanford",0,0,4
ENCSR268QIQ,"Xiang-Dong Fu, UCSD",0,2,8
ENCSR258PSN,"Richard Myers, HAIB",0,0,1
ENCSR276HBK,"Bing Ren, UCSD",0,2,7
ENCSR177XCS,"Michael Snyder, Stanford",0,2,1
ENCSR260OWP,"Bing Ren, UCSD",0,2,6
ENCSR257XVY,"Kevin White, UChicago",0,0,4
ENCSR222TVA,"Michael Snyder, Stanford",0,0,4
ENCSR257AFV,"Michael Snyder, Stanford",0,0,8
ENCSR235PYI,"Michael Snyder, Stanford",0,0,4
ENCSR186OBR,"Bing Ren, UCSD",0,8,8
ENCSR265EDV,"Bing Ren, UCSD",0,0,6
ENCSR220YXI,"Xiang-Dong Fu, UCSD",0,5,5
ENCSR221GAN,"Richard Myers, HAIB",0,0,2
ENCSR271TFS,"Bing Ren, UCSD",0,6,6
ENCSR222MYK,"Xiang-Dong Fu, UCSD",0,0,8
ENCSR219BXP,"Michael Snyder, Stanford",0,0,1
ENCSR189TRZ,"Michael Snyder, Stanford",0,0,2
ENCSR264CZJ,"Michael Snyder, Stanford",0,0,6
ENCSR200JYP,"Michael Snyder, Stanford",0,0,8
ENCSR199HGP,"Michael Snyder, Stanford",0,0,0
ENCSR195QFV,"Richard Myers, HAIB",0,1,1
ENCSR263DFP,"Michael Snyder, Stanford",0,0,8
ENCSR249BHQ,"Michael Snyder, Stanford",0,0,6
ENCSR193ZLW,"Michael Snyder, Stanford",0,0,0
ENCSR239ZLZ,"Kevin White, UChicago",0,0,2
ENCSR194IJN,"Kevin White, UChicago",0,0,2
ENCSR214PDW,"Michael Snyder, Stanford",0,0,4
ENCSR211LTF,"Michael Snyder, Stanford",0,0,2
ENCSR250WFW,"Michael Snyder, Stanford",0,0,0
ENCSR189VXS,"Michael Snyder, Stanford",0,2,0
ENCSR216OGD,"Bradley Bernstein, Broad",0,6,5
ENCSR188GJE,"Bing Ren, UCSD",0,2,7
ENCSR223MLH,"Michael Snyder, Stanford",0,0,4
ENCSR189YMA,"Kevin White, UChicago",0,0,2
ENCSR241LIH,"Michael Snyder, Stanford",0,2,5
ENCSR264LYE,"Michael Snyder, Stanford",0,0,7
ENCSR281VWZ,"Michael Snyder, Stanford",0,0,4
ENCSR271RRH,"Michael Snyder, Stanford",0,0,2
ENCSR231PDA,"Michael Snyder, Stanford",0,0,0
ENCSR228OQM,"Michael Snyder, Stanford",0,0,7
ENCSR261EBV,"Richard Myers, HAIB",0,0,6
ENCSR213HBY,"Michael Snyder, Stanford",0,0,9
ENCSR178NTX,"Kevin White, UChicago",0,0,2
ENCSR257RKC,"Richard Myers, HAIB",0,0,5
ENCSR277DMR,"Michael Snyder, Stanford",0,0,7
ENCSR276RQG,"Michael Snyder, Stanford",0,0,6
ENCSR213VUI,"Michael Snyder, Stanford",0,0,1
ENCSR288NNJ,"Michael Snyder, Stanford",0,0,5
ENCSR358PJI,"Michael Snyder, Stanford",0,0,8
ENCSR349FYX,"Richard Myers, HAIB",0,0,3
ENCSR350LBJ,"Richard Myers, HAIB",0,0,6
ENCSR373KKV,"Richard Myers, HAIB",0,0,7
ENCSR350GZC,"Michael Snyder, Stanford",0,0,6
ENCSR392JVX,"Richard Myers, HAIB",0,0,1
ENCSR335SUD,"Michael Snyder, Stanford",0,0,4
ENCSR322CFO,"Michael Snyder, Stanford",0,0,0
ENCSR298JCG,"Michael Snyder, Stanford",0,0,1
ENCSR360HRA,"Michael Snyder, Stanford",0,0,4
ENCSR343ELW,"Michael Snyder, Stanford",0,0,4
ENCSR387UWP,"Michael Snyder, Stanford",0,0,5
ENCSR302AWT,"Michael Snyder, Stanford",0,0,1
ENCSR395HWC,"Michael Snyder, Stanford",0,0,5
ENCSR325RLL,"Michael Snyder, Stanford",0,2,1
ENCSR336DXE,"Michael Snyder, Stanford",0,0,2
ENCSR349TZO,"Michael Snyder, Stanford",0,2,5
ENCSR331GDC,"Richard Myers, HAIB",0,0,6
ENCSR343IFJ,"Michael Snyder, Stanford",0,0,4
ENCSR322MEI,"Bing Ren, UCSD",0,1,10
ENCSR338UQU,"Richard Myers, HAIB",0,0,5
ENCSR360ECJ,"Richard Myers, HAIB",0,0,4
ENCSR286PCG,"Richard Myers, HAIB",0,0,0
ENCSR352RXE,"Richard Myers, HAIB",0,0,5
ENCSR372IML,"Richard Myers, HAIB",0,0,5
ENCSR284SMX,"Richard Myers, HAIB",0,0,5
ENCSR381IES,"Richard Myers, HAIB",0,0,1
ENCSR285HHZ,"Richard Myers, HAIB",0,0,3
ENCSR361UTL,"Richard Myers, HAIB",0,0,2
ENCSR377HQG,"Michael Snyder, Stanford",0,0,7
ENCSR307YJU,"Michael Snyder, Stanford",0,0,5
ENCSR333LVY,"Bing Ren, UCSD",0,2,4
ENCSR368GJN,"Richard Myers, HAIB",0,0,6
ENCSR364BKW,"Bing Ren, UCSD",0,0,3
ENCSR352BJL,"Michael Snyder, Stanford",0,0,4
ENCSR303SHG,"Michael Snyder, Stanford",0,1,6
ENCSR377BLZ,"Xiang-Dong Fu, UCSD",0,5,7
ENCSR353HEP,"Richard Myers, HAIB",0,0,1
ENCSR395USV,"Joseph Costello, UCSF",0,2,13
ENCSR294WUR,"Bing Ren, UCSD",0,3,7
ENCSR382AIB,"Michael Snyder, Stanford",0,0,10
ENCSR389PWB,"Michael Snyder, Stanford",0,2,1
ENCSR324UNL,"Bing Ren, UCSD",0,7,2
ENCSR367JIO,"Bing Ren, UCSD",0,4,6
ENCSR301HRV,"Bing Ren, UCSD",0,6,4
ENCSR385AHH,"Michael Snyder, Stanford",0,0,0
ENCSR400FSM,"Michael Snyder, Stanford",0,0,13
ENCSR336GFK,"Michael Snyder, Stanford",0,0,0
ENCSR386WCR,"Bing Ren, UCSD",0,2,11
ENCSR283ZNI,"Michael Snyder, Stanford",0,2,5
ENCSR325DER,"Michael Snyder, Stanford",0,2,6
ENCSR296MXW,"Xiang-Dong Fu, UCSD",0,0,2
ENCSR385IUC,"Michael Snyder, Stanford",0,0,6
ENCSR402XII,"Michael Snyder, Stanford",0,0,4
ENCSR350XWY,"Michael Snyder, Stanford",0,0,3
ENCSR376WCJ,"Michael Snyder, Stanford",0,0,2
ENCSR388ZRV,"Michael Snyder, Stanford",0,0,6
ENCSR370NFS,"Michael Snyder, Stanford",0,2,4
ENCSR387SYS,"Richard Myers, HAIB",0,0,3
ENCSR390VGH,"Michael Snyder, Stanford",0,0,6
ENCSR405KTQ,"Michael Snyder, Stanford",0,0,8
ENCSR288MOZ,"Michael Snyder, Stanford",0,0,0
ENCSR290MUH,"Kevin White, UChicago",0,0,3
ENCSR359NFW,"Kevin White, UChicago",0,0,4
ENCSR315NNL,"Michael Snyder, Stanford",0,0,1
ENCSR326NQF,"Bing Ren, UCSD",0,0,3
ENCSR376XAV,"Michael Snyder, Stanford",0,0,4
ENCSR387BVC,"Michael Snyder, Stanford",0,0,2
ENCSR283ZRI,"Xiang-Dong Fu, UCSD",0,0,12
ENCSR376UMR,"Michael Snyder, Stanford",0,0,0
ENCSR297CGF,"Michael Snyder, Stanford",0,0,8
ENCSR376RCX,"Michael Snyder, Stanford",0,0,4
ENCSR314BBS,"Michael Snyder, Stanford",0,0,5
ENCSR388QZF,"Michael Snyder, Stanford",0,0,0
ENCSR331BDJ,"Michael Snyder, Stanford",0,0,1
ENCSR334HSW,"Michael Snyder, Stanford",0,0,7
ENCSR360UHC,"Michael Snyder, Stanford",0,0,2
ENCSR364SNE,"Michael Snyder, Stanford",0,2,7
ENCSR373ZOY,"Richard Myers, HAIB",0,0,6
ENCSR444BFV,"Michael Snyder, Stanford",0,0,5
ENCSR415NNQ,"Michael Snyder, Stanford",0,0,5
ENCSR499FDW,"Michael Snyder, Stanford",0,0,6
ENCSR413CVQ,"Michael Snyder, Stanford",0,0,6
ENCSR440UPD,"Michael Snyder, Stanford",0,0,4
ENCSR409PXW,"Richard Myers, HAIB",0,0,5
ENCSR494TDU,"Michael Snyder, Stanford",0,0,2
ENCSR506SSQ,"Michael Snyder, Stanford",0,0,7
ENCSR471WXT,"Richard Myers, HAIB",0,0,6
ENCSR473ASI,"Richard Myers, HAIB",0,0,11
ENCSR513WUJ,"Richard Myers, HAIB",0,0,1
ENCSR414TYY,"Michael Snyder, Stanford",0,0,6
ENCSR479QAJ,"Xiang-Dong Fu, UCSD",0,0,6
ENCSR516SWI,"Richard Myers, HAIB",0,0,5
ENCSR476KTK,"Bing Ren, UCSD",0,6,9
ENCSR440VKE,"Kevin White, UChicago",0,0,2
ENCSR418RRF,"Bradley Bernstein, Broad",0,0,6
ENCSR462QZZ,"Kevin White, UChicago",0,0,2
ENCSR423FCW,"Xiang-Dong Fu, UCSD",0,1,10
ENCSR446LAV,"Michael Snyder, Stanford",0,0,7
ENCSR440BZV,"Bing Ren, UCSD",0,1,5
ENCSR492FKD,"Michael Snyder, Stanford",0,0,21
ENCSR508DQA,"Michael Snyder, Stanford",0,0,4
ENCSR459FUE,"Michael Snyder, Stanford",0,0,9
ENCSR507RVF,"Richard Myers, HAIB",0,0,3
ENCSR427XYP,"Richard Myers, HAIB",0,0,3
ENCSR454GVT,"Richard Myers, HAIB",0,0,5
ENCSR436CZV,"Richard Myers, HAIB",0,0,5
ENCSR530WIV,"Richard Myers, HAIB",0,0,5
ENCSR498JCG,"Richard Myers, HAIB",0,0,3
ENCSR422ODX,"Michael Snyder, Stanford",0,0,7
ENCSR427WZJ,"Richard Myers, HAIB",0,0,3
ENCSR524BUE,"Michael Snyder, Stanford",0,0,6
ENCSR493JTJ,"Richard Myers, HAIB",0,0,6
ENCSR526HRN,"Richard Myers, HAIB",0,0,1
ENCSR419CNA,"Richard Myers, HAIB",0,0,2
ENCSR415TXN,"Xiang-Dong Fu, UCSD",0,0,10
ENCSR525VAT,"Michael Snyder, Stanford",0,0,2
ENCSR486IFJ,"Michael Snyder, Stanford",0,0,5
ENCSR416QLJ,"Michael Snyder, Stanford",0,0,2
ENCSR410DWC,"Michael Snyder, Stanford",0,0,7
ENCSR412CTM,"Michael Snyder, Stanford",0,0,5
ENCSR494UQJ,"Michael Snyder, Stanford",0,2,1
ENCSR516KSY,"Bradley Bernstein, Broad",0,1,11
ENCSR431XGJ,"Michael Snyder, Stanford",0,2,1
ENCSR506KWJ,"Xiang-Dong Fu, UCSD",0,0,8
ENCSR439OCL,"Michael Snyder, Stanford",0,2,3
ENCSR496DCY,"Joseph Costello, UCSF",0,2,9
ENCSR490LWA,"Michael Snyder, Stanford",0,0,2
ENCSR519WMW,"Michael Snyder, Stanford",0,0,9
ENCSR438RRM,"Richard Myers, HAIB",0,0,7
ENCSR475ZYA,"Michael Snyder, Stanford",0,0,4
ENCSR426MDV,"Michael Snyder, Stanford",0,0,5
ENCSR441UHO,"Bing Ren, UCSD",0,0,8
ENCSR429QPP,"Michael Snyder, Stanford",0,0,8
ENCSR411UYA,"Michael Snyder, Stanford",0,0,0
ENCSR530XQI,"Michael Snyder, Stanford",0,0,6
ENCSR429XTR,"Xiang-Dong Fu, UCSD",0,0,8
ENCSR492LTS,"Michael Snyder, Stanford",0,0,4
ENCSR454SCH,"Richard Myers, HAIB",0,0,5
ENCSR443YAS,"Bing Ren, UCSD",1,0,15
ENCSR502OEK,"Michael Snyder, Stanford",0,0,3
ENCSR448UKK,"Kevin White, UChicago",0,0,2
ENCSR474CVP,"Michael Snyder, Stanford",0,0,0
ENCSR491EBY,"Michael Snyder, Stanford",0,0,3
ENCSR512NLO,"Michael Snyder, Stanford",0,0,5
ENCSR468DVP,"Michael Snyder, Stanford",0,0,6
ENCSR426URK,"Michael Snyder, Stanford",0,2,4
ENCSR451UQX,"Michael Snyder, Stanford",0,0,5
ENCSR504HOI,"Michael Snyder, Stanford",0,0,2
ENCSR494ZGC,"Michael Snyder, Stanford",0,0,1
ENCSR442DGE,"Bing Ren, UCSD",0,0,6
ENCSR532EMP,"Michael Snyder, Stanford",0,0,4
ENCSR475ZGL,"Richard Myers, HAIB",0,0,6
ENCSR508EEX,"Michael Snyder, Stanford",0,0,8
ENCSR462XRE,"Bing Ren, UCSD",0,0,2
ENCSR497VFH,"Michael Snyder, Stanford",0,2,2
ENCSR494PWZ,"Michael Snyder, Stanford",0,0,1
ENCSR444MSK,"Michael Snyder, Stanford",0,0,2
ENCSR426PTT,"Michael Snyder, Stanford",0,0,6
ENCSR623TZE,"Richard Myers, HAIB",0,0,5
ENCSR547WSB,"Michael Snyder, Stanford",0,0,5
ENCSR609ZLF,"Richard Myers, HAIB",0,0,5
ENCSR617POJ,"Michael Snyder, Stanford",0,0,8
ENCSR568LRK,"Michael Snyder, Stanford",0,0,6
ENCSR578KEN,"Richard Myers, HAIB",0,0,1
ENCSR591ASD,"Michael Snyder, Stanford",0,0,4
ENCSR546PDE,"Richard Myers, HAIB",0,0,9
ENCSR563YDA,"Michael Snyder, Stanford",0,0,0
ENCSR536CBU,"Michael Snyder, Stanford",0,0,5
ENCSR590FLL,"Michael Snyder, Stanford",0,0,7
ENCSR563LLO,"Michael Snyder, Stanford",0,0,6
ENCSR618GDK,"Michael Snyder, Stanford",0,0,5
ENCSR621ATC,"Michael Snyder, Stanford",0,2,1
ENCSR571IIS,"Bing Ren, UCSD",0,3,2
ENCSR583ACG,"Bradley Bernstein, Broad",0,0,3
ENCSR583CGO,"Richard Myers, HAIB",0,0,1
ENCSR568ZXG,"Richard Myers, HAIB",0,0,6
ENCSR579RFH,"Richard Myers, HAIB",0,0,6
ENCSR561YGS,"Richard Myers, HAIB",0,0,5
ENCSR592ZQB,"Richard Myers, HAIB",0,0,3
ENCSR567NTZ,"Michael Snyder, Stanford",0,0,7
ENCSR564TIP,"Richard Myers, HAIB",0,0,6
ENCSR620MHD,"Michael Snyder, Stanford",0,0,6
ENCSR626HJW,"Richard Myers, HAIB",0,0,6
ENCSR579XWM,"Michael Snyder, Stanford",0,0,6
ENCSR628DJK,"Richard Myers, HAIB",0,0,6
ENCSR576AMK,"Michael Snyder, Stanford",0,0,8
ENCSR567QAD,"Michael Snyder, Stanford",0,0,6
ENCSR588AKU,"Richard Myers, HAIB",0,0,3
ENCSR579YNY,"Richard Myers, HAIB",0,0,10
ENCSR631RJR,"Bradley Bernstein, Broad",0,6,3
ENCSR554TZE,"Bing Ren, UCSD",0,4,7
ENCSR580IAO,"Kevin White, UChicago",0,0,4
ENCSR628APV,"Michael Snyder, Stanford",0,2,0
ENCSR577KQD,"Michael Snyder, Stanford",0,0,7
ENCSR620VIC,"Kevin White, UChicago",0,0,2
ENCSR568YNC,"Michael Snyder, Stanford",0,0,0
ENCSR633EIC,"Richard Myers, HAIB",0,0,1
ENCSR619UPN,"Michael Snyder, Stanford",0,0,4
ENCSR632DCH,"Michael Snyder, Stanford",0,0,9
ENCSR552YGL,"Michael Snyder, Stanford",0,0,4
ENCSR626QJQ,"Michael Snyder, Stanford",0,0,0
ENCSR551KXD,"Michael Snyder, Stanford",0,0,0
ENCSR603REQ,"Xiang-Dong Fu, UCSD",0,2,9
ENCSR598TIR,"Michael Snyder, Stanford",0,0,2
ENCSR574VJG,"Michael Snyder, Stanford",0,0,7
ENCSR606KTL,"Michael Snyder, Stanford",0,0,4
ENCSR594BNR,"Xiang-Dong Fu, UCSD",0,0,6
ENCSR581CVA,"Xiang-Dong Fu, UCSD",0,0,9
ENCSR567JEU,"Michael Snyder, Stanford",0,0,0
ENCSR547LKC,"Michael Snyder, Stanford",0,0,5
ENCSR546IHU,"Michael Snyder, Stanford",0,0,0
ENCSR608HVP,"Michael Snyder, Stanford",0,0,9
ENCSR550HCT,"Michael Snyder, Stanford",0,0,2
ENCSR619GFP,"Michael Snyder, Stanford",0,0,10
ENCSR594SMP,"Michael Snyder, Stanford",0,2,0
ENCSR582IAO,"Richard Myers, HAIB",0,0,1
ENCSR613NUC,"Michael Snyder, Stanford",0,0,0
ENCSR591CCL,"Michael Snyder, Stanford",0,0,2
ENCSR625ZVM,"Richard Myers, HAIB",0,0,1
ENCSR608XTF,"Michael Snyder, Stanford",0,0,6
ENCSR597CHL,"Michael Snyder, Stanford",0,0,5
ENCSR632SHZ,"Michael Snyder, Stanford",0,0,9
ENCSR598GER,"Xiang-Dong Fu, UCSD",0,0,6
ENCSR574XEO,"Michael Snyder, Stanford",0,2,0
ENCSR594HXD,"Michael Snyder, Stanford",0,0,4
ENCSR582EIB,"Michael Snyder, Stanford",0,0,2
ENCSR568PGX,"Michael Snyder, Stanford",0,0,7
ENCSR549PVK,"Michael Snyder, Stanford",0,0,6
ENCSR553NTC,"Michael Snyder, Stanford",0,0,0
ENCSR571BUF,"Michael Snyder, Stanford",0,2,0
ENCSR557RVF,"Michael Snyder, Stanford",0,0,2
ENCSR587OQL,"Michael Snyder, Stanford",0,0,0
ENCSR552PSV,"Michael Snyder, Stanford",0,2,0
ENCSR542WJU,"Michael Snyder, Stanford",0,0,0
ENCSR532KTI,"Kevin White, UChicago",0,0,2
ENCSR632TJQ,"Michael Snyder, Stanford",0,0,7
ENCSR603XLW,"Kevin White, UChicago",0,0,3
ENCSR596IKD,"Michael Snyder, Stanford",0,2,7
ENCSR659CCI,"Richard Myers, HAIB",0,0,6
ENCSR696URR,"Richard Myers, HAIB",0,0,3
ENCSR663NFC,"Michael Snyder, Stanford",0,0,5
ENCSR645ZWR,"Richard Myers, HAIB",0,0,5
ENCSR675LRO,"Michael Snyder, Stanford",0,0,0
ENCSR647ZXA,"Michael Snyder, Stanford",0,0,4
ENCSR707QWA,"Richard Myers, HAIB",0,0,4
ENCSR720HUL,"Michael Snyder, Stanford",0,4,7
ENCSR734NCK,"Bing Ren, UCSD",0,0,6
ENCSR741FIA,"Bing Ren, UCSD",0,3,4
ENCSR654CQU,"Michael Snyder, Stanford",0,0,5
ENCSR690GUG,"Xiang-Dong Fu, UCSD",0,0,9
ENCSR740NPG,"Kevin White, UChicago",0,0,2
ENCSR634WRC,"Richard Myers, HAIB",0,0,2
ENCSR663WAR,"Bradley Bernstein, Broad",0,0,6
ENCSR722OTA,"Richard Myers, HAIB",0,0,6
ENCSR713KVZ,"Richard Myers, HAIB",0,0,6
ENCSR640STN,"Richard Myers, HAIB",0,0,6
ENCSR652OGX,"Richard Myers, HAIB",0,0,5
ENCSR659YWQ,"Michael Snyder, Stanford",0,0,6
ENCSR672OHP,"Richard Myers, HAIB",0,0,5
ENCSR716ZJH,"Bradley Bernstein, Broad",0,0,11
ENCSR729NVN,"Bing Ren, UCSD",0,4,0
ENCSR717QWW,"Michael Snyder, Stanford",0,0,4
ENCSR676KDJ,"Michael Snyder, Stanford",0,0,7
ENCSR731LHZ,"Michael Snyder, Stanford",0,2,6
ENCSR724GSW,"Xiang-Dong Fu, UCSD",0,2,7
ENCSR643JRH,"Michael Snyder, Stanford",0,0,4
ENCSR675FLJ,"Bing Ren, UCSD",0,3,5
ENCSR730POX,"Bing Ren, UCSD",0,2,4
ENCSR728SZE,"Bing Ren, UCSD",0,6,4
ENCSR703KXH,"Bing Ren, UCSD",0,0,3
ENCSR739BZR,"Bing Ren, UCSD",0,0,2
ENCSR738BJJ,"Bing Ren, UCSD",0,3,5
ENCSR715CCR,"Michael Snyder, Stanford",0,0,0
ENCSR712KVZ,"Michael Snyder, Stanford",0,0,2
ENCSR692RET,"Michael Snyder, Stanford",0,0,4
ENCSR737UST,"Kevin White, UChicago",0,0,2
ENCSR657JLK,"Michael Snyder, Stanford",0,0,8
ENCSR648INT,"Michael Snyder, Stanford",0,0,9
ENCSR706BJO,"Kevin White, UChicago",0,0,2
ENCSR635GTR,"Michael Snyder, Stanford",0,0,6
ENCSR729HVR,"Kevin White, UChicago",0,0,3
ENCSR657EOF,"Michael Snyder, Stanford",0,0,2
ENCSR695EQB,"Michael Snyder, Stanford",0,0,2
ENCSR638QHV,"Michael Snyder, Stanford",0,0,9
ENCSR737LTZ,"Richard Myers, HAIB",0,0,2
ENCSR674SCQ,"Michael Snyder, Stanford",0,0,6
ENCSR740XMB,"Michael Snyder, Stanford",0,0,4
ENCSR642VZY,"Richard Myers, HAIB",0,0,5
ENCSR647PJW,"Xiang-Dong Fu, UCSD",0,0,9
ENCSR641BSL,"Xiang-Dong Fu, UCSD",0,0,10
ENCSR711SNW,"Michael Snyder, Stanford",0,2,8
ENCSR643VTW,"Michael Snyder, Stanford",0,0,3
ENCSR713IFY,"Richard Myers, HAIB",0,1,1
ENCSR711VWL,"Michael Snyder, Stanford",0,0,0
ENCSR686EYO,"Michael Snyder, Stanford",0,0,0
ENCSR669NFS,"Michael Snyder, Stanford",0,2,4
ENCSR718SDE,"Michael Snyder, Stanford",0,2,1
ENCSR660RNO,"Michael Snyder, Stanford",0,0,3
ENCSR653WFU,"Michael Snyder, Stanford",0,0,0
ENCSR671GFC,"Michael Snyder, Stanford",0,0,2
ENCSR670FDA,"Michael Snyder, Stanford",0,0,4
ENCSR700LFA,"Richard Myers, HAIB",0,0,5
ENCSR674WPB,"Michael Snyder, Stanford",0,0,6
ENCSR664AOA,"Michael Snyder, Stanford",0,2,5
ENCSR682AAS,"Michael Snyder, Stanford",0,0,5
ENCSR650AWW,"Michael Snyder, Stanford",0,0,0
ENCSR670JDQ,"Michael Snyder, Stanford",0,0,3
ENCSR697YLJ,"Michael Snyder, Stanford",0,0,0
ENCSR699RWG,"Michael Snyder, Stanford",0,0,6
ENCSR668LDD,"Bradley Bernstein, Broad",0,0,9
ENCSR699PVC,"Michael Snyder, Stanford",0,0,2
ENCSR742DAU,"Michael Snyder, Stanford",0,0,5
ENCSR687FDK,"Joseph Costello, UCSF",1,2,2
ENCSR658WFQ,"Michael Snyder, Stanford",0,2,5
ENCSR635EXI,"Michael Snyder, Stanford",0,0,0
ENCSR709DRM,"Kevin White, UChicago",0,0,2
ENCSR710WLO,"Michael Snyder, Stanford",0,0,5
ENCSR742IDN,"Michael Snyder, Stanford",0,0,4
ENCSR807VQT,"Michael Snyder, Stanford",0,0,4
ENCSR836SPL,"Richard Myers, HAIB",0,0,5
ENCSR744GHR,"Richard Myers, HAIB",0,0,5
ENCSR803FIV,"Michael Snyder, Stanford",0,0,7
ENCSR844JVU,"Michael Snyder, Stanford",0,0,20
ENCSR805SIA,"Richard Myers, HAIB",0,0,6
ENCSR755CRA,"Richard Myers, HAIB",0,0,7
ENCSR760GZL,"Richard Myers, HAIB",0,0,5
ENCSR775NLJ,"Michael Snyder, Stanford",0,0,4
ENCSR783EPA,"Michael Snyder, Stanford",0,0,7
ENCSR800KMQ,"Richard Myers, HAIB",0,0,5
ENCSR744CXJ,"Richard Myers, HAIB",0,0,2
ENCSR841GLE,"Richard Myers, HAIB",0,0,5
ENCSR837EYC,"Richard Myers, HAIB",0,0,5
ENCSR798ILC,"Michael Snyder, Stanford",0,0,2
ENCSR757IIU,"Richard Myers, HAIB",0,0,0
ENCSR742TMU,"Michael Snyder, Stanford",0,2,6
ENCSR808AKZ,"Michael Snyder, Stanford",0,0,0
ENCSR819LHG,"Michael Snyder, Stanford",0,0,5
ENCSR760UVO,"Richard Myers, HAIB",0,0,2
ENCSR803EKW,"Michael Snyder, Stanford",0,2,2
ENCSR780BBJ,"Michael Snyder, Stanford",0,0,5
ENCSR788DXU,"Richard Myers, HAIB",0,0,5
ENCSR784IMK,"Richard Myers, HAIB",0,0,7
ENCSR744WOO,"Michael Snyder, Stanford",0,0,2
ENCSR814KIO,"Bradley Bernstein, Broad",0,0,6
ENCSR795KRU,"Richard Myers, HAIB",0,0,8
ENCSR776CYN,"Michael Snyder, Stanford",0,2,3
ENCSR782WRO,"Michael Snyder, Stanford",0,0,2
ENCSR799URB,"Richard Myers, HAIB",0,0,1
ENCSR744RAS,"Michael Snyder, Stanford",0,2,5
ENCSR787CHF,"Richard Myers, HAIB",0,0,6
ENCSR817FMN,"Richard Myers, HAIB",0,0,6
ENCSR814AJH,"Xiang-Dong Fu, UCSD",0,0,5
ENCSR795IYP,"Richard Myers, HAIB",0,0,4
ENCSR804OBA,"Richard Myers, HAIB",0,0,5
ENCSR763FNU,"Michael Snyder, Stanford",0,0,4
ENCSR813CTI,"Joseph Costello, UCSF",1,0,1
ENCSR768FWX,"Bing Ren, UCSD",0,3,9
ENCSR836COE,"Xiang-Dong Fu, UCSD",0,0,9
ENCSR788RSW,"Michael Snyder, Stanford",0,0,4
ENCSR797SWM,"Michael Snyder, Stanford",0,2,5
ENCSR801JWB,"Michael Snyder, Stanford",0,0,6
ENCSR772EEN,"Michael Snyder, Stanford",0,0,5
ENCSR818DQV,"Michael Snyder, Stanford",0,0,2
ENCSR758PLU,"Michael Snyder, Stanford",0,0,6
ENCSR792GCH,"Bing Ren, UCSD",0,2,7
ENCSR820GND,"Michael Snyder, Stanford",0,0,2
ENCSR815ZDS,"Michael Snyder, Stanford",0,0,7
ENCSR796ITY,"Michael Snyder, Stanford",0,0,5
ENCSR807BGP,"Michael Snyder, Stanford",0,0,1
ENCSR817QKV,"Michael Snyder, Stanford",0,0,7
ENCSR832DMO,"Xiang-Dong Fu, UCSD",0,0,9
ENCSR801RPW,"Michael Snyder, Stanford",0,0,4
ENCSR829UCH,"Michael Snyder, Stanford",0,0,4
ENCSR798MFW,"Richard Myers, HAIB",0,0,5
ENCSR822LBD,"Xiang-Dong Fu, UCSD",0,0,10
ENCSR792IYC,"Michael Snyder, Stanford",0,2,2
ENCSR754VAJ,"Bradley Bernstein, Broad",0,4,13
ENCSR815LBP,"Bing Ren, UCSD",0,6,4
ENCSR771SNW,"Bradley Bernstein, Broad",0,0,5
ENCSR764YDL,"Michael Snyder, Stanford",0,2,6
ENCSR753PPY,"Richard Myers, HAIB",0,0,8
ENCSR814XPE,"Bradley Bernstein, Broad",0,0,7
ENCSR764OXF,"Xiang-Dong Fu, UCSD",0,0,4
ENCSR744JJU,"Michael Snyder, Stanford",0,0,8
ENCSR775FSH,"Michael Snyder, Stanford",0,0,4
ENCSR832OGB,"Michael Snyder, Stanford",0,0,5
ENCSR822CCM,"Michael Snyder, Stanford",0,0,5
ENCSR802AHH,"Michael Snyder, Stanford",0,0,0
ENCSR787RVK,"Michael Snyder, Stanford",0,0,7
ENCSR762LIP,"Michael Snyder, Stanford",0,0,4
ENCSR784VUY,"Bradley Bernstein, Broad",2,2,8
ENCSR809JSD,"Richard Myers, HAIB",0,0,6
ENCSR791OZM,"Xiang-Dong Fu, UCSD",0,4,8
ENCSR750LYM,"Kevin White, UChicago",0,0,2
ENCSR835TCD,"Michael Snyder, Stanford",0,0,8
ENCSR786OQY,"Michael Snyder, Stanford",0,0,2
ENCSR754ZHU,"Xiang-Dong Fu, UCSD",0,0,4
ENCSR775EQV,"Michael Snyder, Stanford",0,0,0
ENCSR942XQI,"Michael Snyder, Stanford",0,0,4
ENCSR905MSY,"Richard Myers, HAIB",0,0,6
ENCSR948JND,"Michael Snyder, Stanford",0,0,8
ENCSR849LXI,"Michael Snyder, Stanford",0,0,9
ENCSR924JOW,"Richard Myers, HAIB",0,0,6
ENCSR907JPB,"Michael Snyder, Stanford",0,0,8
ENCSR934WOF,"Richard Myers, HAIB",0,0,5
ENCSR943MQH,"Richard Myers, HAIB",0,1,6
ENCSR928BPP,"Richard Myers, HAIB",0,0,3
ENCSR858BOF,"Bing Ren, UCSD",0,3,3
ENCSR851BNE,"Michael Snyder, Stanford",0,2,2
ENCSR848DUN,"Bing Ren, UCSD",0,0,7
ENCSR863KUB,"Richard Myers, HAIB",0,0,3
ENCSR879KXD,"Michael Snyder, Stanford",0,0,5
ENCSR940PYZ,"Richard Myers, HAIB",0,0,6
ENCSR910UQX,"Richard Myers, HAIB",0,0,7
ENCSR887VJM,"Richard Myers, HAIB",0,0,6
ENCSR866VOW,"Richard Myers, HAIB",0,0,6
ENCSR939CDD,"Richard Myers, HAIB",0,0,5
ENCSR845GGY,"Richard Myers, HAIB",0,0,6
ENCSR901VIE,"Richard Myers, HAIB",0,0,5
ENCSR922YDT,"Michael Snyder, Stanford",0,0,6
ENCSR918EFA,"Michael Snyder, Stanford",0,0,6
ENCSR870YEN,"Michael Snyder, Stanford",0,0,6
ENCSR946WBN,"Richard Myers, HAIB",0,0,6
ENCSR882ERE,"Michael Snyder, Stanford",0,0,4
ENCSR920BLG,"Michael Snyder, Stanford",0,0,7
ENCSR888XZK,"Michael Snyder, Stanford",0,0,7
ENCSR891KGZ,"Bing Ren, UCSD",1,1,10
ENCSR928HYM,"Bing Ren, UCSD",0,6,7
ENCSR880SUY,"Bing Ren, UCSD",0,2,11
ENCSR846DXV,"Bing Ren, UCSD",0,2,6
ENCSR848AOP,"Xiang-Dong Fu, UCSD",0,6,6
ENCSR894CGX,"Michael Snyder, Stanford",0,0,0
ENCSR876GXA,"Michael Snyder, Stanford",0,0,1
ENCSR948QLZ,"Richard Myers, HAIB",0,0,5
ENCSR879TAS,"Bing Ren, UCSD",1,1,4
ENCSR924GXX,"Michael Snyder, Stanford",0,0,1
ENCSR931HNY,"Michael Snyder, Stanford",0,0,2
ENCSR844MAB,"Michael Snyder, Stanford",0,0,0
ENCSR935UQL,"Michael Snyder, Stanford",0,0,2
ENCSR867MET,"Michael Snyder, Stanford",0,0,5
ENCSR876RGF,"Bing Ren, UCSD",0,2,6
ENCSR907MZR,"Michael Snyder, Stanford",0,0,0
ENCSR870IUC,"Bradley Bernstein, Broad",0,2,15
ENCSR947PJZ,"Michael Snyder, Stanford",0,0,4
ENCSR908CMW,"Michael Snyder, Stanford",0,0,4
ENCSR925LJZ,"Bradley Bernstein, Broad",0,6,4
ENCSR883UGG,"Michael Snyder, Stanford",0,0,7
ENCSR934RJP,"Michael Snyder, Stanford",0,0,6
ENCSR879HUU,"Michael Snyder, Stanford",0,0,2
ENCSR935PEA,"Michael Snyder, Stanford",0,0,4
ENCSR869IUD,"Michael Snyder, Stanford",0,0,5
ENCSR847LBF,"Kevin White, UChicago",0,0,2
ENCSR946BXO,"Richard Myers, HAIB",0,0,1
ENCSR920ASP,"Kevin White, UChicago",0,0,4
ENCSR883AQJ,"Bing Ren, UCSD",0,7,9
ENCSR910JAI,"Michael Snyder, Stanford",0,0,5
ENCSR850WUE,"Xiang-Dong Fu, UCSD",0,2,8
ENCSR899GSH,"Xiang-Dong Fu, UCSD",0,2,3
ENCSR926TAH,"Richard Myers, HAIB",0,0,5
ENCSR914NEI,"Michael Snyder, Stanford",0,0,3
ENCSR850KIP,"Bradley Bernstein, Broad",0,0,7
ENCSR893WSB,"Michael Snyder, Stanford",0,2,1
ENCSR886RYH,"Michael Snyder, Stanford",0,0,8
ENCSR898IDK,"Michael Snyder, Stanford",0,0,2
ENCSR873LYH,"Michael Snyder, Stanford",0,0,0
ENCSR861UWB,"Michael Snyder, Stanford",0,0,6
ENCSR906CWK,"Michael Snyder, Stanford",0,0,2
ENCSR895HSJ,"Michael Snyder, Stanford",0,0,0
ENCSR871TKJ,"Michael Snyder, Stanford",0,0,6
ENCSR851XLW,"Michael Snyder, Stanford",0,2,6
ENCSR926KTP,"Michael Snyder, Stanford",0,0,3
ENCSR845BCL,"Kevin White, UChicago",0,0,2
ENCSR859ZAC,"Richard Myers, HAIB",0,0,7
ENCSR948KMB,"Xiang-Dong Fu, UCSD",0,0,4
ENCSR898XMH,"Michael Snyder, Stanford",0,2,0
ENCSR854MCV,"Michael Snyder, Stanford",0,0,9
ENCSR928KOR,"Michael Snyder, Stanford",0,2,0
ENCSR879YNX,"Richard Myers, HAIB",0,0,3
ENCSR985OYK,"Michael Snyder, Stanford",0,0,2
ENCSR963CCJ,"Richard Myers, HAIB",0,0,4
ENCSR972ZBV,"Michael Snyder, Stanford",0,0,5
ENCSR992XTY,"Bradley Bernstein, Broad",0,0,36
ENCSR991ELG,"Michael Snyder, Stanford",0,0,3
ENCSR989LMJ,"Richard Myers, HAIB",0,0,6
ENCSR955LXM,"Richard Myers, HAIB",0,0,5
ENCSR967HXD,"Bradley Bernstein, Broad",0,1,12
ENCSR975SSR,"Kevin White, UChicago",0,0,2
ENCSR952GVX,"Bradley Bernstein, Broad",0,0,11
ENCSR953DVM,"Michael Snyder, Stanford",0,2,5
ENCSR976MXN,"Richard Myers, HAIB",0,0,6
ENCSR962BEI,"Richard Myers, HAIB",0,0,6
ENCSR963EQY,"Richard Myers, HAIB",0,0,6
ENCSR987FPY,"Richard Myers, HAIB",0,0,5
ENCSR998AJK,"Michael Snyder, Stanford",0,0,2
ENCSR992KLV,"Richard Myers, HAIB",0,0,1
ENCSR998OMC,"Michael Snyder, Stanford",0,0,7
ENCSR972CVS,"Michael Snyder, Stanford",0,0,4
ENCSR953KEY,"Michael Snyder, Stanford",0,0,11
ENCSR986CDX,"Michael Snyder, Stanford",0,2,4
ENCSR997NGQ,"Michael Snyder, Stanford",0,0,3
ENCSR970NKQ,"Michael Snyder, Stanford",0,0,7
ENCSR990AZC,"Michael Snyder, Stanford",0,0,0
ENCSR991BTY,"Joseph Costello, UCSF",0,3,0
ENCSR957GYL,"Bing Ren, UCSD",0,0,6
ENCSR987KYK,"Michael Snyder, Stanford",0,0,0
ENCSR979QYJ,"Michael Snyder, Stanford",0,0,6
ENCSR958JPH,"Michael Snyder, Stanford",0,0,6
ENCSR995FUM,"Michael Snyder, Stanford",0,0,7
ENCSR972SMV,"Bing Ren, UCSD",0,2,6
ENCSR968GIB,"Michael Snyder, Stanford",0,0,6
ENCSR987PBI,"Michael Snyder, Stanford",0,0,4
ENCSR971EWR,"Richard Myers, HAIB",0,0,6
ENCSR970OJY,"Richard Myers, HAIB",0,0,5
ENCSR957LDM,"Michael Snyder, Stanford",0,0,0
ENCSR948VFL,"Michael Snyder, Stanford",0,0,0
ENCSR996ESX,"Michael Snyder, Stanford",0,2,5
ENCSR949NVY,"Michael Snyder, Stanford",0,2,2
ENCSR996SKD,"Michael Snyder, Stanford",0,0,8
ENCSR959BQO,"Michael Snyder, Stanford",0,0,7
ENCSR980ZWE,"Richard Myers, HAIB",0,0,1
