cellset,term_name,experiment,assay,target,investigated_as,biosample_summary,lab,n_audit_error,n_audit_notcompliant,n_audit_warning,endogenous_tag,keep,exclude_reason,file,output_type,preferred_default,file_size,md5sum,href
iPSC_ESC,WTC11,ENCSR444BFV,TF ChIP-seq,ZNF532,transcription factor,Homo sapiens WTC11 genetically modified (insertion) using CRISPR targeting H. sapiens ZNF532,"Michael Snyder, Stanford",0,0,5,eGFP,True,,ENCFF795EGN,IDR thresholded peaks,True,62020,17f8b94811badbee0a45d7e29b4dca41,https://www.encodeproject.org/files/ENCFF795EGN/@@download/ENCFF795EGN.bed.gz
iPSC_ESC,WTC11,ENCSR905MSY,TF ChIP-seq,FOXJ3,transcription factor,Homo sapiens WTC11 genetically modified (insertion) using CRISPR targeting H. sapiens FOXJ3,"Richard Myers, HAIB",0,0,6,3xFLAG,True,,ENCFF117RRT,IDR thresholded peaks,True,14972,67c2f9f4178006a4c90cd8780a2c32a2,https://www.encodeproject.org/files/ENCFF117RRT/@@download/ENCFF117RRT.bed.gz
iPSC_ESC,WTC11,ENCSR110QIL,TF ChIP-seq,RORB,transcription factor,Homo sapiens WTC11 genetically modified (insertion) using CRISPR targeting H. sapiens RORB,"Michael Snyder, Stanford",0,0,4,eGFP,True,,ENCFF989FMK,IDR thresholded peaks,True,14868,6b6c827d0c4a0f89ba676bd7a6d1c039,https://www.encodeproject.org/files/ENCFF989FMK/@@download/ENCFF989FMK.bed.gz
iPSC_ESC,WTC11,ENCSR499FDW,TF ChIP-seq,ZSCAN18,transcription factor,Homo sapiens WTC11 genetically modified (insertion) using CRISPR targeting H. sapiens ZSCAN18,"Michael Snyder, Stanford",0,0,6,eGFP,True,,ENCFF969PVK,IDR thresholded peaks,True,29834,1bc4039b65353774297942c93daa847e,https://www.encodeproject.org/files/ENCFF969PVK/@@download/ENCFF969PVK.bed.gz
iPSC_ESC,WTC11,ENCSR413CVQ,TF ChIP-seq,ZNF423,transcription factor,Homo sapiens WTC11 genetically modified (insertion) using CRISPR targeting H. sapiens ZNF423,"Michael Snyder, Stanford",0,0,6,eGFP,True,,ENCFF717YTN,IDR thresholded peaks,True,283969,23f80d951e4447cd728ad8564278e1f7,https://www.encodeproject.org/files/ENCFF717YTN/@@download/ENCFF717YTN.bed.gz
iPSC_ESC,WTC11,ENCSR260GQA,TF ChIP-seq,ZNF671,transcription factor,Homo sapiens WTC11 genetically modified (insertion) using CRISPR targeting H. sapiens ZNF671,"Michael Snyder, Stanford",0,0,4,eGFP,True,,ENCFF300TKM,IDR thresholded peaks,True,53925,5bf5c54b985c8f1233bbae985b6cc2f7,https://www.encodeproject.org/files/ENCFF300TKM/@@download/ENCFF300TKM.bed.gz
iPSC_ESC,WTC11,ENCSR440UPD,TF ChIP-seq,EMX1,transcription factor,Homo sapiens WTC11 genetically modified (insertion) using CRISPR targeting H. sapiens EMX1,"Michael Snyder, Stanford",0,0,4,eGFP,True,,ENCFF149LMA,IDR thresholded peaks,True,78072,ff3f1173cbb5168c7a805d9e2bdbc3c5,https://www.encodeproject.org/files/ENCFF149LMA/@@download/ENCFF149LMA.bed.gz
iPSC_ESC,WTC11,ENCSR804OBA,TF ChIP-seq,JUN,transcription factor,Homo sapiens WTC11 genetically modified (insertion) using CRISPR targeting H. sapiens JUN,"Richard Myers, HAIB",0,0,5,3xFLAG,True,,ENCFF459NUP,IDR thresholded peaks,True,105962,aa6b66081ca641d71fd81e9bd237ed49,https://www.encodeproject.org/files/ENCFF459NUP/@@download/ENCFF459NUP.bed.gz
iPSC_ESC,WTC11,ENCSR963CCJ,TF ChIP-seq,ARID4B,transcription factor,Homo sapiens WTC11 genetically modified (insertion) using CRISPR targeting H. sapiens ARID4B,"Richard Myers, HAIB",0,0,4,3xFLAG,True,,ENCFF413VSG,IDR thresholded peaks,True,259360,45364be7058e112e1909766c0c380de2,https://www.encodeproject.org/files/ENCFF413VSG/@@download/ENCFF413VSG.bed.gz
iPSC_ESC,WTC11,ENCSR203PCF,TF ChIP-seq,ZNF121,transcription factor,Homo sapiens WTC11 genetically modified (insertion) using CRISPR targeting H. sapiens ZNF121,"Richard Myers, HAIB",0,0,1,3xFLAG,True,,ENCFF974DKV,IDR thresholded peaks,True,541324,f2b0d25d70cd6eeb46fa584639921abb,https://www.encodeproject.org/files/ENCFF974DKV/@@download/ENCFF974DKV.bed.gz
iPSC_ESC,WTC11,ENCSR092DCD,TF ChIP-seq,PRDM15,transcription factor,Homo sapiens WTC11 genetically modified (insertion) using CRISPR targeting H. sapiens PRDM15,"Richard Myers, HAIB",0,0,1,3xFLAG,True,,ENCFF003OAO,IDR thresholded peaks,True,205418,b4a4c63f93f2003b93538b6265731192,https://www.encodeproject.org/files/ENCFF003OAO/@@download/ENCFF003OAO.bed.gz
iPSC_ESC,WTC11,ENCSR381IES,TF ChIP-seq,IRF1,transcription factor,Homo sapiens WTC11 genetically modified (insertion) using CRISPR targeting H. sapiens IRF1,"Richard Myers, HAIB",0,0,1,3xFLAG,True,,ENCFF837ISW,IDR thresholded peaks,True,98126,b040cee205e8dbab23ffe5482ab65ee9,https://www.encodeproject.org/files/ENCFF837ISW/@@download/ENCFF837ISW.bed.gz
iPSC_ESC,WTC11,ENCSR063FUV,TF ChIP-seq,ZNF143,transcription factor,Homo sapiens WTC11 genetically modified (insertion) using CRISPR targeting H. sapiens ZNF143,"Richard Myers, HAIB",0,0,5,3xFLAG,True,,ENCFF715DQS,IDR thresholded peaks,True,140382,81e0c3eae0582eb8b725e99cf29180fc,https://www.encodeproject.org/files/ENCFF715DQS/@@download/ENCFF715DQS.bed.gz
iPSC_ESC,WTC11,ENCSR744RAS,TF ChIP-seq,GRHL2,transcription factor,Homo sapiens WTC11 genetically modified (insertion) using CRISPR targeting H. sapiens GRHL2,"Michael Snyder, Stanford",0,2,5,eGFP,True,,ENCFF885XKL,IDR thresholded peaks,True,1154,84ec8b489aba87f6d2a92107727807eb,https://www.encodeproject.org/files/ENCFF885XKL/@@download/ENCFF885XKL.bed.gz
iPSC_ESC,WTC11,ENCSR934WOF,TF ChIP-seq,TEAD1,transcription factor,Homo sapiens WTC11 genetically modified (insertion) using CRISPR targeting H. sapiens TEAD1,"Richard Myers, HAIB",0,0,5,3xFLAG,True,,ENCFF464BVI,IDR thresholded peaks,True,333139,c7b7e1cb9c6d14d86d0582f9f5e9e1de,https://www.encodeproject.org/files/ENCFF464BVI/@@download/ENCFF464BVI.bed.gz
iPSC_ESC,WTC11,ENCSR795KRU,TF ChIP-seq,ZNF317,transcription factor,Homo sapiens WTC11 genetically modified (insertion) using CRISPR targeting H. sapiens ZNF317,"Richard Myers, HAIB",0,0,8,3xFLAG,True,,ENCFF859KDF,IDR thresholded peaks,True,139059,a2f8104f4b9f11942e6310940c1a5913,https://www.encodeproject.org/files/ENCFF859KDF/@@download/ENCFF859KDF.bed.gz
iPSC_ESC,WTC11,ENCSR634WRC,TF ChIP-seq,ZNF512,transcription factor,Homo sapiens WTC11 genetically modified (insertion) using CRISPR targeting H. sapiens ZNF512,"Richard Myers, HAIB",0,0,2,3xFLAG,True,,ENCFF545DCW,IDR thresholded peaks,True,109924,5bb37647ceb90f2ffd1c305a80186292,https://www.encodeproject.org/files/ENCFF545DCW/@@download/ENCFF545DCW.bed.gz
iPSC_ESC,WTC11,ENCSR992XTY,TF ChIP-seq,CTCF,transcription factor,Homo sapiens WTC11,"Bradley Bernstein, Broad",0,0,36,,True,,ENCFF112GJQ,IDR thresholded peaks,True,553996,95a48b97fdae4a8c5c37b4b824823add,https://www.encodeproject.org/files/ENCFF112GJQ/@@download/ENCFF112GJQ.bed.gz
iPSC_ESC,WTC11,ENCSR473ASI,TF ChIP-seq,ELF4,transcription factor,Homo sapiens WTC11 genetically modified (insertion) using CRISPR targeting H. sapiens ELF4,"Richard Myers, HAIB",0,0,11,3xFLAG,True,,ENCFF567ADL,IDR thresholded peaks,True,56845,b4ef946a53327952a108101ee0cfa3b1,https://www.encodeproject.org/files/ENCFF567ADL/@@download/ENCFF567ADL.bed.gz
iPSC_ESC,WTC11,ENCSR572DUR,TF ChIP-seq,FOS,transcription factor,"Homo sapiens WTC11 genetically modified (insertion) using CRISPR targeting H. sapiens FOS, (insertion) using TALEN inserting M. musculus Neurog2","Michael Snyder, Stanford",0,0,6,eGFP,False,"perturbing GM: purpose=expression,method=TALEN,target=?",ENCFF574QJR,IDR thresholded peaks,True,17773,f43b3e680bf1d11bb49c5c96eb14e0f1,https://www.encodeproject.org/files/ENCFF574QJR/@@download/ENCFF574QJR.bed.gz
iPSC_ESC,WTC11,ENCSR583CGO,TF ChIP-seq,SP1,transcription factor,Homo sapiens WTC11 genetically modified (insertion) using CRISPR targeting H. sapiens SP1,"Richard Myers, HAIB",0,0,1,3xFLAG,True,,ENCFF854DMH,conservative IDR thresholded peaks,True,431809,4f4f296728286ab971d935b0e1dff9f5,https://www.encodeproject.org/files/ENCFF854DMH/@@download/ENCFF854DMH.bed.gz
iPSC_ESC,WTC11,ENCSR029TLS,TF ChIP-seq,ETV6,transcription factor,Homo sapiens WTC11 genetically modified (insertion) using CRISPR targeting H. sapiens ETV6,"Richard Myers, HAIB",0,0,5,3xFLAG,True,,ENCFF008QFJ,IDR thresholded peaks,True,362000,27ca391478c8b10c9c062eeb4a7edb4e,https://www.encodeproject.org/files/ENCFF008QFJ/@@download/ENCFF008QFJ.bed.gz
iPSC_ESC,WTC11,ENCSR513WUJ,TF ChIP-seq,SIX4,transcription factor,Homo sapiens WTC11 genetically modified (insertion) using CRISPR targeting H. sapiens SIX4,"Richard Myers, HAIB",0,0,1,3xFLAG,True,,ENCFF847XQW,IDR thresholded peaks,True,163634,6ce8aceb5a2be1f90cc0cc420a8abbfa,https://www.encodeproject.org/files/ENCFF847XQW/@@download/ENCFF847XQW.bed.gz
iPSC_ESC,WTC11,ENCSR943MQH,TF ChIP-seq,ZBTB33,transcription factor,Homo sapiens WTC11 genetically modified (insertion) using CRISPR targeting H. sapiens ZBTB33,"Richard Myers, HAIB",0,1,6,3xFLAG,True,,ENCFF231XIJ,IDR thresholded peaks,True,100831,2260813033c00afb9fb61621bf516200,https://www.encodeproject.org/files/ENCFF231XIJ/@@download/ENCFF231XIJ.bed.gz
iPSC_ESC,WTC11,ENCSR989LMJ,TF ChIP-seq,RELA,transcription factor,Homo sapiens WTC11 genetically modified (insertion) using CRISPR targeting H. sapiens RELA,"Richard Myers, HAIB",0,0,6,3xFLAG,True,,ENCFF095PJP,IDR thresholded peaks,True,101132,aab8bda8e3c6d3ec6f9434ff0c681dc5,https://www.encodeproject.org/files/ENCFF095PJP/@@download/ENCFF095PJP.bed.gz
iPSC_ESC,WTC11,ENCSR146UIC,TF ChIP-seq,NFYB,transcription factor,Homo sapiens WTC11 genetically modified (insertion) using CRISPR targeting H. sapiens NFYB,"Richard Myers, HAIB",0,0,2,3xFLAG,True,,ENCFF765MOP,conservative IDR thresholded peaks,True,169897,079fad2a9590e27dace74c41b167cd22,https://www.encodeproject.org/files/ENCFF765MOP/@@download/ENCFF765MOP.bed.gz
iPSC_ESC,WTC11,ENCSR564TIP,TF ChIP-seq,CREM,transcription factor,Homo sapiens WTC11 genetically modified (insertion) using CRISPR targeting H. sapiens CREM,"Richard Myers, HAIB",0,0,6,3xFLAG,True,,ENCFF893GOI,IDR thresholded peaks,True,227240,8c4ace1e9c5717b99fc1eb314eadc4b1,https://www.encodeproject.org/files/ENCFF893GOI/@@download/ENCFF893GOI.bed.gz
iPSC_ESC,WTC11,ENCSR928BPP,TF ChIP-seq,ATF2,transcription factor,Homo sapiens WTC11 genetically modified (insertion) using CRISPR targeting H. sapiens ATF2,"Richard Myers, HAIB",0,0,3,3xFLAG,True,,ENCFF671PCI,IDR thresholded peaks,True,25272,e1c956c909e17b751bceae556caf781b,https://www.encodeproject.org/files/ENCFF671PCI/@@download/ENCFF671PCI.bed.gz
iPSC_ESC,WTC11,ENCSR713KVZ,TF ChIP-seq,HMGXB4,transcription factor,Homo sapiens WTC11 genetically modified (insertion) using CRISPR targeting H. sapiens HMGXB4,"Richard Myers, HAIB",0,0,6,3xFLAG,True,,ENCFF760GCW,IDR thresholded peaks,True,387878,7a68e028014b12b7ad5dfd7c705efb38,https://www.encodeproject.org/files/ENCFF760GCW/@@download/ENCFF760GCW.bed.gz
iPSC_ESC,WTC11,ENCSR156JWW,TF ChIP-seq,ZNF263,transcription factor,Homo sapiens WTC11 genetically modified (insertion) using CRISPR targeting H. sapiens ZNF263,"Richard Myers, HAIB",0,0,9,3xFLAG,True,,ENCFF209UEC,IDR thresholded peaks,True,121492,9141c2a3a92849f8f00262416467ad9c,https://www.encodeproject.org/files/ENCFF209UEC/@@download/ENCFF209UEC.bed.gz
iPSC_ESC,WTC11,ENCSR029OPK,TF ChIP-seq,ESRRA,transcription factor,Homo sapiens WTC11 genetically modified (insertion) using CRISPR targeting H. sapiens ESRRA,"Richard Myers, HAIB",0,0,6,3xFLAG,True,,ENCFF258HYD,IDR thresholded peaks,True,132406,926693a8330d6ac433a8058f755b181c,https://www.encodeproject.org/files/ENCFF258HYD/@@download/ENCFF258HYD.bed.gz
iPSC_ESC,WTC11,ENCSR426WZU,TF ChIP-seq,EGR1,transcription factor,"Homo sapiens WTC11 genetically modified (insertion) using CRISPR targeting H. sapiens EGR1, (insertion) using TALEN inserting M. musculus Neurog2","Michael Snyder, Stanford",0,0,5,3xFLAG,False,"perturbing GM: purpose=expression,method=TALEN,target=?",ENCFF980KFI,IDR thresholded peaks,True,2406,bcaf60575765e3b3e793b97e12a3a3ea,https://www.encodeproject.org/files/ENCFF980KFI/@@download/ENCFF980KFI.bed.gz
iPSC_ESC,WTC11,ENCSR214RUE,TF ChIP-seq,ZNF219,transcription factor,Homo sapiens WTC11 genetically modified (insertion) using CRISPR targeting H. sapiens ZNF219,"Richard Myers, HAIB",0,0,3,3xFLAG,True,,ENCFF660FXN,IDR thresholded peaks,True,73405,e9a27d9230f69304aa662b3b41842d9e,https://www.encodeproject.org/files/ENCFF660FXN/@@download/ENCFF660FXN.bed.gz
iPSC_ESC,WTC11,ENCSR032DGZ,TF ChIP-seq,ZNF281,transcription factor,Homo sapiens WTC11 genetically modified (insertion) using CRISPR targeting H. sapiens ZNF281,"Richard Myers, HAIB",0,0,5,3xFLAG,True,,ENCFF716OVN,IDR thresholded peaks,True,151338,dd81290009f147feb6a9db9e441d5e1f,https://www.encodeproject.org/files/ENCFF716OVN/@@download/ENCFF716OVN.bed.gz
iPSC_ESC,WTC11,ENCSR349FYX,TF ChIP-seq,MAX,transcription factor,Homo sapiens WTC11 genetically modified (insertion) using CRISPR targeting H. sapiens MAX,"Richard Myers, HAIB",0,0,3,3xFLAG,True,,ENCFF760NBK,IDR thresholded peaks,True,537219,7d628edad5bd477fdf6cf8965200a05d,https://www.encodeproject.org/files/ENCFF760NBK/@@download/ENCFF760NBK.bed.gz
iPSC_ESC,WTC11,ENCSR507RVF,TF ChIP-seq,FOXP4,transcription factor,Homo sapiens WTC11 genetically modified (insertion) using CRISPR targeting H. sapiens FOXP4,"Richard Myers, HAIB",0,0,3,3xFLAG,True,,ENCFF172KCZ,IDR thresholded peaks,True,285348,7649603a8f0d8d9dfda4724d3b3ee59b,https://www.encodeproject.org/files/ENCFF172KCZ/@@download/ENCFF172KCZ.bed.gz
iPSC_ESC,WTC11,ENCSR546PDE,TF ChIP-seq,FOXP1,cofactor,Homo sapiens WTC11 genetically modified (insertion) using CRISPR targeting H. sapiens FOXP1,"Richard Myers, HAIB",0,0,9,3xFLAG,True,,ENCFF023NWB,IDR thresholded peaks,True,327187,823cc33aedc5768c8b1915fe4339ba30,https://www.encodeproject.org/files/ENCFF023NWB/@@download/ENCFF023NWB.bed.gz
iPSC_ESC,WTC11,ENCSR248QBT,TF ChIP-seq,USF1,transcription factor,Homo sapiens WTC11 genetically modified (insertion) using CRISPR targeting H. sapiens USF1,"Richard Myers, HAIB",0,0,3,3xFLAG,True,,ENCFF254GEZ,IDR thresholded peaks,True,289889,1ca32e281605816b090652ac357146bd,https://www.encodeproject.org/files/ENCFF254GEZ/@@download/ENCFF254GEZ.bed.gz
iPSC_ESC,WTC11,ENCSR836SPL,TF ChIP-seq,E2F1,transcription factor,Homo sapiens WTC11 genetically modified (insertion) using CRISPR targeting H. sapiens E2F1,"Richard Myers, HAIB",0,0,5,3xFLAG,True,,ENCFF548QOU,IDR thresholded peaks,True,84591,8da9f7ffdcce2d5edb442e60bdd6ab23,https://www.encodeproject.org/files/ENCFF548QOU/@@download/ENCFF548QOU.bed.gz
iPSC_ESC,WTC11,ENCSR454GVT,TF ChIP-seq,NR2C2,transcription factor,Homo sapiens WTC11 genetically modified (insertion) using CRISPR targeting H. sapiens NR2C2,"Richard Myers, HAIB",0,0,5,3xFLAG,True,,ENCFF847UIM,IDR thresholded peaks,True,55577,d03d2e7149c02d831f97e5914a4364b7,https://www.encodeproject.org/files/ENCFF847UIM/@@download/ENCFF847UIM.bed.gz
iPSC_ESC,WTC11,ENCSR229QAN,TF ChIP-seq,USF2,transcription factor,Homo sapiens WTC11 genetically modified (insertion) using CRISPR targeting H. sapiens USF2,"Richard Myers, HAIB",0,0,7,3xFLAG,True,,ENCFF071DRB,IDR thresholded peaks,True,321683,e1a8d560885a7dde5ff071b39629e31c,https://www.encodeproject.org/files/ENCFF071DRB/@@download/ENCFF071DRB.bed.gz
iPSC_ESC,WTC11,ENCSR199PXS,TF ChIP-seq,ZBTB43,transcription factor,Homo sapiens WTC11 genetically modified (insertion) using CRISPR targeting H. sapiens ZBTB43,"Richard Myers, HAIB",0,0,5,3xFLAG,True,,ENCFF058ZDU,IDR thresholded peaks,True,190511,72e625d8fe939047509c001c6ee188ef,https://www.encodeproject.org/files/ENCFF058ZDU/@@download/ENCFF058ZDU.bed.gz
iPSC_ESC,WTC11,ENCSR910UQX,TF ChIP-seq,TGIF2,transcription factor,Homo sapiens WTC11 genetically modified (insertion) using CRISPR targeting H. sapiens TGIF2,"Richard Myers, HAIB",0,0,7,3xFLAG,True,,ENCFF219OPP,conservative IDR thresholded peaks,True,288980,da5caabc9886236f52fdca954ec28953,https://www.encodeproject.org/files/ENCFF219OPP/@@download/ENCFF219OPP.bed.gz
iPSC_ESC,WTC11,ENCSR150LGS,TF ChIP-seq,E2F5,transcription factor,Homo sapiens WTC11 genetically modified (insertion) using CRISPR targeting H. sapiens E2F5,"Richard Myers, HAIB",0,0,6,3xFLAG,True,,ENCFF746QNQ,IDR thresholded peaks,True,253979,d19cc68326ed76e4a9afbc13fa2568ab,https://www.encodeproject.org/files/ENCFF746QNQ/@@download/ENCFF746QNQ.bed.gz
iPSC_ESC,WTC11,ENCSR722OTA,TF ChIP-seq,NR3C1,transcription factor,Homo sapiens WTC11 genetically modified (insertion) using CRISPR targeting H. sapiens NR3C1,"Richard Myers, HAIB",0,0,6,3xFLAG,True,,ENCFF640UMI,conservative IDR thresholded peaks,True,49704,2b86d4ca7aa0102bcb47608f832090cc,https://www.encodeproject.org/files/ENCFF640UMI/@@download/ENCFF640UMI.bed.gz
iPSC_ESC,WTC11,ENCSR962BEI,TF ChIP-seq,ZBTB21,transcription factor,Homo sapiens WTC11 genetically modified (insertion) using CRISPR targeting H. sapiens ZBTB21,"Richard Myers, HAIB",0,0,6,3xFLAG,True,,ENCFF248QLP,IDR thresholded peaks,True,138328,ed65fea03ae57f030871de06bb5bae3e,https://www.encodeproject.org/files/ENCFF248QLP/@@download/ENCFF248QLP.bed.gz
iPSC_ESC,WTC11,ENCSR887VJM,TF ChIP-seq,ATF1,transcription factor,Homo sapiens WTC11 genetically modified (insertion) using CRISPR targeting H. sapiens ATF1,"Richard Myers, HAIB",0,0,6,3xFLAG,True,,ENCFF395OJF,IDR thresholded peaks,True,69319,11e77d6e37947ac00eb35d54c3e6d654,https://www.encodeproject.org/files/ENCFF395OJF/@@download/ENCFF395OJF.bed.gz
iPSC_ESC,WTC11,ENCSR048PPE,TF ChIP-seq,STAT6,transcription factor,Homo sapiens WTC11 genetically modified (insertion) using CRISPR targeting H. sapiens STAT6,"Richard Myers, HAIB",0,0,7,3xFLAG,True,,ENCFF391UZB,conservative IDR thresholded peaks,True,26526,dd2a6befeeb0d6b3146e124dd2b308e8,https://www.encodeproject.org/files/ENCFF391UZB/@@download/ENCFF391UZB.bed.gz
iPSC_ESC,WTC11,ENCSR760GZL,TF ChIP-seq,TP53,transcription factor,Homo sapiens WTC11 genetically modified (insertion) using CRISPR targeting H. sapiens TP53,"Richard Myers, HAIB",0,0,5,3xFLAG,True,,ENCFF403HEQ,IDR thresholded peaks,True,154470,09b86a09c6bc0ac8c6b0efb2a8eec5ae,https://www.encodeproject.org/files/ENCFF403HEQ/@@download/ENCFF403HEQ.bed.gz
iPSC_ESC,WTC11,ENCSR350LBJ,TF ChIP-seq,KAT7,chromatin remodeler,Homo sapiens WTC11 genetically modified (insertion) using CRISPR targeting H. sapiens KAT7,"Richard Myers, HAIB",0,0,6,3xFLAG,True,,ENCFF019XPF,IDR thresholded peaks,True,171827,32d461d7cf9322679d1602d92faf8612,https://www.encodeproject.org/files/ENCFF019XPF/@@download/ENCFF019XPF.bed.gz
iPSC_ESC,WTC11,ENCSR352RXE,TF ChIP-seq,FOXK1,transcription factor,Homo sapiens WTC11 genetically modified (insertion) using CRISPR targeting H. sapiens FOXK1,"Richard Myers, HAIB",0,0,5,3xFLAG,True,,ENCFF934PLP,IDR thresholded peaks,True,320623,0ba9e485da9ebb1ef57f50c7fc74f774,https://www.encodeproject.org/files/ENCFF934PLP/@@download/ENCFF934PLP.bed.gz
iPSC_ESC,WTC11,ENCSR592ZQB,TF ChIP-seq,IRF2,transcription factor,Homo sapiens WTC11 genetically modified (insertion) using CRISPR targeting H. sapiens IRF2,"Richard Myers, HAIB",0,0,3,3xFLAG,True,,ENCFF168YVH,IDR thresholded peaks,True,22340,52519b777e9f5b0c0becded63214af92,https://www.encodeproject.org/files/ENCFF168YVH/@@download/ENCFF168YVH.bed.gz
iPSC_ESC,WTC11,ENCSR866VOW,TF ChIP-seq,CBFB,transcription factor,Homo sapiens WTC11 genetically modified (insertion) using CRISPR targeting H. sapiens CBFB,"Richard Myers, HAIB",0,0,6,3xFLAG,True,,ENCFF341OPF,IDR thresholded peaks,True,87700,ab54bb92e201de5a0842ad0c9f687081,https://www.encodeproject.org/files/ENCFF341OPF/@@download/ENCFF341OPF.bed.gz
iPSC_ESC,WTC11,ENCSR640STN,TF ChIP-seq,ZNF184,transcription factor,Homo sapiens WTC11 genetically modified (insertion) using CRISPR targeting H. sapiens ZNF184,"Richard Myers, HAIB",0,0,6,3xFLAG,True,,ENCFF122AFS,IDR thresholded peaks,True,206922,f4adb251d6a8b567195b59112cb6d821,https://www.encodeproject.org/files/ENCFF122AFS/@@download/ENCFF122AFS.bed.gz
iPSC_ESC,WTC11,ENCSR963EQY,TF ChIP-seq,NR1H2,transcription factor,Homo sapiens WTC11 genetically modified (insertion) using CRISPR targeting H. sapiens NR1H2,"Richard Myers, HAIB",0,0,6,3xFLAG,True,,ENCFF434STO,IDR thresholded peaks,True,21725,8f4350d63def4fdfb433c319f53e2bc5,https://www.encodeproject.org/files/ENCFF434STO/@@download/ENCFF434STO.bed.gz
iPSC_ESC,WTC11,ENCSR231CZR,TF ChIP-seq,SOX15,transcription factor,Homo sapiens WTC11 genetically modified (insertion) using CRISPR targeting H. sapiens SOX15,"Michael Snyder, Stanford",0,0,4,eGFP,True,,ENCFF812XUO,IDR thresholded peaks,True,3517,bc9d13fd65b235cd00f4c37aea00c470,https://www.encodeproject.org/files/ENCFF812XUO/@@download/ENCFF812XUO.bed.gz
iPSC_ESC,WTC11,ENCSR181ELQ,TF ChIP-seq,OVOL2,transcription factor,Homo sapiens WTC11 genetically modified (insertion) using CRISPR targeting H. sapiens OVOL2,"Michael Snyder, Stanford",0,0,5,eGFP,True,,ENCFF581WFU,IDR thresholded peaks,True,6267,38d4cefd3ebd32a2939ab9ca572873e6,https://www.encodeproject.org/files/ENCFF581WFU/@@download/ENCFF581WFU.bed.gz
iPSC_ESC,WTC11,ENCSR568LRK,TF ChIP-seq,JAZF1,cofactor,Homo sapiens WTC11 genetically modified (insertion) using CRISPR targeting H. sapiens JAZF1,"Michael Snyder, Stanford",0,0,6,eGFP,True,,ENCFF955OZK,IDR thresholded peaks,True,3902,ea6af7412b260b2dfbea7f23b32cee9a,https://www.encodeproject.org/files/ENCFF955OZK/@@download/ENCFF955OZK.bed.gz
iPSC_ESC,WTC11,ENCSR027BEE,TF ChIP-seq,CDX4,transcription factor,Homo sapiens WTC11 genetically modified (insertion) using CRISPR targeting H. sapiens CDX4,"Michael Snyder, Stanford",0,0,7,eGFP,True,,ENCFF371MSO,IDR thresholded peaks,True,10415,e1fed52f0c270f5e5e45250bf102bf76,https://www.encodeproject.org/files/ENCFF371MSO/@@download/ENCFF371MSO.bed.gz
iPSC_ESC,WTC11,ENCSR288NNJ,TF ChIP-seq,ZNF416,transcription factor,Homo sapiens WTC11 genetically modified (insertion) using CRISPR targeting H. sapiens ZNF416,"Michael Snyder, Stanford",0,0,5,eGFP,True,,ENCFF717CPE,IDR thresholded peaks,True,87200,a720ba2cd3a327a9dcd456491e186a27,https://www.encodeproject.org/files/ENCFF717CPE/@@download/ENCFF717CPE.bed.gz
iPSC_ESC,WTC11,ENCSR807VQT,TF ChIP-seq,ZMAT4,transcription factor,Homo sapiens WTC11 genetically modified (insertion) using CRISPR targeting H. sapiens ZMAT4,"Michael Snyder, Stanford",0,0,4,eGFP,True,,ENCFF092WKT,IDR thresholded peaks,True,40272,57c23d0a2492cde31fa9a81f9070f2e9,https://www.encodeproject.org/files/ENCFF092WKT/@@download/ENCFF092WKT.bed.gz
iPSC_ESC,WTC11,ENCSR547WSB,TF ChIP-seq,TRERF1,transcription factor,Homo sapiens WTC11 genetically modified (insertion) using CRISPR targeting H. sapiens TRERF1,"Michael Snyder, Stanford",0,0,5,eGFP,True,,ENCFF752MWG,IDR thresholded peaks,True,21600,595f26ddac1c4368870e32844cd4caf8,https://www.encodeproject.org/files/ENCFF752MWG/@@download/ENCFF752MWG.bed.gz
iPSC_ESC,WTC11,ENCSR422ODX,TF ChIP-seq,ZNF396,transcription factor,Homo sapiens WTC11 genetically modified (insertion) using CRISPR targeting H. sapiens ZNF396,"Michael Snyder, Stanford",0,0,7,eGFP,True,,ENCFF636EFK,IDR thresholded peaks,True,19145,d955e9cb86a720d08680ac4e8cae4b31,https://www.encodeproject.org/files/ENCFF636EFK/@@download/ENCFF636EFK.bed.gz
iPSC_ESC,WTC11,ENCSR264OKN,TF ChIP-seq,E2F4,transcription factor,Homo sapiens WTC11 genetically modified (insertion) using CRISPR targeting H. sapiens E2F4,"Richard Myers, HAIB",0,0,9,3xFLAG,True,,ENCFF592JBT,IDR thresholded peaks,True,85651,87109916a6a428a4b360cb3f31670cba,https://www.encodeproject.org/files/ENCFF592JBT/@@download/ENCFF592JBT.bed.gz
iPSC_ESC,WTC11,ENCSR373KKV,TF ChIP-seq,ZNF138,transcription factor,Homo sapiens WTC11 genetically modified (insertion) using CRISPR targeting H. sapiens ZNF138,"Richard Myers, HAIB",0,0,7,3xFLAG,True,,ENCFF270TFX,conservative IDR thresholded peaks,True,69468,00ac55fa45a79f165802e4847ba1bac7,https://www.encodeproject.org/files/ENCFF270TFX/@@download/ENCFF270TFX.bed.gz
iPSC_ESC,WTC11,ENCSR115QIT,TF ChIP-seq,ZKSCAN8,transcription factor,Homo sapiens WTC11 genetically modified (insertion) using CRISPR targeting H. sapiens ZKSCAN8,"Richard Myers, HAIB",0,0,3,3xFLAG,True,,ENCFF416MZE,IDR thresholded peaks,True,66006,9ecfaa54562e6491e9d491cfac65acb7,https://www.encodeproject.org/files/ENCFF416MZE/@@download/ENCFF416MZE.bed.gz
iPSC_ESC,WTC11,ENCSR245QUM,TF ChIP-seq,NFE2L1,cofactor,Homo sapiens WTC11 genetically modified (insertion) using CRISPR targeting H. sapiens NFE2L1,"Richard Myers, HAIB",0,0,1,3xFLAG,True,,ENCFF954PAC,IDR thresholded peaks,True,187920,967f84756cc624eff752163fa161a369,https://www.encodeproject.org/files/ENCFF954PAC/@@download/ENCFF954PAC.bed.gz
iPSC_ESC,WTC11,ENCSR561YGS,TF ChIP-seq,GABPB1,transcription factor,Homo sapiens WTC11 genetically modified (insertion) using CRISPR targeting H. sapiens GABPB1,"Richard Myers, HAIB",0,0,5,3xFLAG,True,,ENCFF024GMY,IDR thresholded peaks,True,470870,a896dec9a2e7ab83669ac357be6df79d,https://www.encodeproject.org/files/ENCFF024GMY/@@download/ENCFF024GMY.bed.gz
iPSC_ESC,WTC11,ENCSR987FPY,TF ChIP-seq,ATF6,transcription factor,Homo sapiens WTC11 genetically modified (insertion) using CRISPR targeting H. sapiens ATF6,"Richard Myers, HAIB",0,0,5,3xFLAG,True,,ENCFF953GZH,IDR thresholded peaks,True,12374,267bbe8eeb3b1eb1535ac7a38b0b2c8d,https://www.encodeproject.org/files/ENCFF953GZH/@@download/ENCFF953GZH.bed.gz
iPSC_ESC,WTC11,ENCSR579RFH,TF ChIP-seq,SMAD3,transcription factor,Homo sapiens WTC11 genetically modified (insertion) using CRISPR targeting H. sapiens SMAD3,"Richard Myers, HAIB",0,0,6,3xFLAG,True,,ENCFF580MYL,IDR thresholded peaks,True,132772,70ff80d202f8adba982a84f49395d442,https://www.encodeproject.org/files/ENCFF580MYL/@@download/ENCFF580MYL.bed.gz
iPSC_ESC,WTC11,ENCSR717QWW,TF ChIP-seq,ZNF425,transcription factor,Homo sapiens WTC11 genetically modified (insertion) using CRISPR targeting H. sapiens ZNF425,"Michael Snyder, Stanford",0,0,4,eGFP,True,,ENCFF992ZXB,conservative IDR thresholded peaks,True,41783,ea673a8009de7be20fae709e60bf5d94,https://www.encodeproject.org/files/ENCFF992ZXB/@@download/ENCFF992ZXB.bed.gz
iPSC_ESC,WTC11,ENCSR284SMX,TF ChIP-seq,PREB,transcription factor,Homo sapiens WTC11 genetically modified (insertion) using CRISPR targeting H. sapiens PREB,"Richard Myers, HAIB",0,0,5,3xFLAG,True,,ENCFF365TGJ,IDR thresholded peaks,True,51135,d1f0060128085be1cf8d61ba4af552c1,https://www.encodeproject.org/files/ENCFF365TGJ/@@download/ENCFF365TGJ.bed.gz
iPSC_ESC,WTC11,ENCSR034IND,TF ChIP-seq,ZNF232,transcription factor,Homo sapiens WTC11 genetically modified (insertion) using CRISPR targeting H. sapiens ZNF232,"Richard Myers, HAIB",0,0,5,3xFLAG,True,,ENCFF641XDM,IDR thresholded peaks,True,172568,9c238d8659716ffa3d1b16ad0e352bb5,https://www.encodeproject.org/files/ENCFF641XDM/@@download/ENCFF641XDM.bed.gz
iPSC_ESC,WTC11,ENCSR127NBZ,TF ChIP-seq,ERG,transcription factor,Homo sapiens WTC11 genetically modified (insertion) using CRISPR targeting H. sapiens ERG,"Michael Snyder, Stanford",0,0,4,eGFP,True,,ENCFF910CYH,IDR thresholded peaks,True,61739,99314a5d5d990fb8372170950d61caec,https://www.encodeproject.org/files/ENCFF910CYH/@@download/ENCFF910CYH.bed.gz
iPSC_ESC,WTC11,ENCSR004HEA,TF ChIP-seq,OTX2,transcription factor,Homo sapiens WTC11 genetically modified (insertion) using CRISPR targeting H. sapiens OTX2,"Michael Snyder, Stanford",0,0,4,eGFP,True,,ENCFF200AEP,conservative IDR thresholded peaks,True,95786,5f12bb1a157457390f7e4789fe69ac01,https://www.encodeproject.org/files/ENCFF200AEP/@@download/ENCFF200AEP.bed.gz
iPSC_ESC,WTC11,ENCSR623TZE,TF ChIP-seq,SMAD4,transcription factor,Homo sapiens WTC11 genetically modified (insertion) using CRISPR targeting H. sapiens SMAD4,"Richard Myers, HAIB",0,0,5,3xFLAG,True,,ENCFF126SGU,IDR thresholded peaks,True,54417,da457410c249c67a5ba4d6c2d571e081,https://www.encodeproject.org/files/ENCFF126SGU/@@download/ENCFF126SGU.bed.gz
iPSC_ESC,WTC11,ENCSR803FIV,TF ChIP-seq,MXD4,cofactor,Homo sapiens WTC11 genetically modified (insertion) using CRISPR targeting H. sapiens MXD4,"Michael Snyder, Stanford",0,0,7,eGFP,True,,ENCFF519ZDH,IDR thresholded peaks,True,12518,143df31786e512761473a9338533bb1a,https://www.encodeproject.org/files/ENCFF519ZDH/@@download/ENCFF519ZDH.bed.gz
iPSC_ESC,WTC11,ENCSR285HHZ,TF ChIP-seq,TEAD4,transcription factor,Homo sapiens WTC11 genetically modified (insertion) using CRISPR targeting H. sapiens TEAD4,"Richard Myers, HAIB",0,0,3,3xFLAG,True,,ENCFF602FXL,IDR thresholded peaks,True,90595,4e145d1ccaef5cb40773ff883a5d9b9b,https://www.encodeproject.org/files/ENCFF602FXL/@@download/ENCFF602FXL.bed.gz
iPSC_ESC,WTC11,ENCSR281VWZ,TF ChIP-seq,GTF2I,transcription factor,Homo sapiens WTC11 genetically modified (insertion) using CRISPR targeting H. sapiens GTF2I,"Michael Snyder, Stanford",0,0,4,eGFP,True,,ENCFF848ADM,conservative IDR thresholded peaks,True,142733,a1e9666b3251f3f9bcf79fa04467992c,https://www.encodeproject.org/files/ENCFF848ADM/@@download/ENCFF848ADM.bed.gz
iPSC_ESC,WTC11,ENCSR762LIP,TF ChIP-seq,AR,transcription factor,Homo sapiens WTC11 genetically modified (insertion) using CRISPR targeting H. sapiens AR,"Michael Snyder, Stanford",0,0,4,eGFP,True,,ENCFF414STO,IDR thresholded peaks,True,61414,3505f19c8ec70b5105564a407c563fa4,https://www.encodeproject.org/files/ENCFF414STO/@@download/ENCFF414STO.bed.gz
iPSC_ESC,WTC11,ENCSR096OUP,TF ChIP-seq,NFATC4,transcription factor,Homo sapiens WTC11 genetically modified (insertion) using CRISPR targeting H. sapiens NFATC4,"Michael Snyder, Stanford",0,0,4,eGFP,True,,ENCFF230EPT,IDR thresholded peaks,True,58217,8c7e08d47195a86b9b4f20da178be1ff,https://www.encodeproject.org/files/ENCFF230EPT/@@download/ENCFF230EPT.bed.gz
iPSC_ESC,WTC11,ENCSR742DAU,TF ChIP-seq,HMGA2,transcription factor,Homo sapiens WTC11 genetically modified (insertion) using CRISPR targeting H. sapiens HMGA2,"Michael Snyder, Stanford",0,0,5,eGFP,True,,ENCFF614IHQ,IDR thresholded peaks,True,500916,cc1ab8502d2f81f6ddd41b3fc034644c,https://www.encodeproject.org/files/ENCFF614IHQ/@@download/ENCFF614IHQ.bed.gz
iPSC_ESC,WTC11,ENCSR261EBV,TF ChIP-seq,AFF4,transcription factor,Homo sapiens WTC11 genetically modified (insertion) using CRISPR targeting H. sapiens AFF4,"Richard Myers, HAIB",0,0,6,3xFLAG,True,,ENCFF835WQS,IDR thresholded peaks,True,74891,67e5d0eda69284152255a646b3870ccc,https://www.encodeproject.org/files/ENCFF835WQS/@@download/ENCFF835WQS.bed.gz
iPSC_ESC,WTC11,ENCSR859ZAC,TF ChIP-seq,MYBL2,transcription factor,Homo sapiens WTC11 genetically modified (insertion) using CRISPR targeting H. sapiens MYBL2,"Richard Myers, HAIB",0,0,7,3xFLAG,True,,ENCFF946KCK,IDR thresholded peaks,True,207529,be478823e35421818f297c68c28a55a6,https://www.encodeproject.org/files/ENCFF946KCK/@@download/ENCFF946KCK.bed.gz
iPSC_ESC,WTC11,ENCSR373ZOY,TF ChIP-seq,MLX,transcription factor,Homo sapiens WTC11 genetically modified (insertion) using CRISPR targeting H. sapiens MLX,"Richard Myers, HAIB",0,0,6,3xFLAG,True,,ENCFF269CPF,IDR thresholded peaks,True,40816,ccd900e79a84dd970fead957c88267b5,https://www.encodeproject.org/files/ENCFF269CPF/@@download/ENCFF269CPF.bed.gz
iPSC_ESC,WTC11,ENCSR879YNX,TF ChIP-seq,ATF3,transcription factor,Homo sapiens WTC11 genetically modified (insertion) using CRISPR targeting H. sapiens ATF3,"Richard Myers, HAIB",0,0,3,3xFLAG,True,,ENCFF887NWU,conservative IDR thresholded peaks,True,27978,1e39baa53ccb7d058a11fd7e10031523,https://www.encodeproject.org/files/ENCFF887NWU/@@download/ENCFF887NWU.bed.gz
iPSC_ESC,WTC11,ENCSR023IPQ,TF ChIP-seq,PRRX2,transcription factor,Homo sapiens WTC11 genetically modified (insertion) using CRISPR targeting H. sapiens PRRX2,"Michael Snyder, Stanford",0,0,4,eGFP,True,,ENCFF728JNA,IDR thresholded peaks,True,65746,14d63920dc0f6a21bebac6b41425ed8a,https://www.encodeproject.org/files/ENCFF728JNA/@@download/ENCFF728JNA.bed.gz
iPSC_ESC,WTC11,ENCSR753PPY,TF ChIP-seq,TCF7,transcription factor,Homo sapiens WTC11 genetically modified (insertion) using CRISPR targeting H. sapiens TCF7,"Richard Myers, HAIB",0,0,8,3xFLAG,True,,ENCFF032CCV,IDR thresholded peaks,True,64748,a0a817c4a91cb7265de068bec04a12eb,https://www.encodeproject.org/files/ENCFF032CCV/@@download/ENCFF032CCV.bed.gz
iPSC_ESC,WTC11,ENCSR508NBY,TF ChIP-seq,TOX4,transcription factor,"Homo sapiens WTC11 genetically modified (insertion) using CRISPR targeting H. sapiens TOX4, (insertion) using TALEN inserting M. musculus Neurog2","Michael Snyder, Stanford",0,0,5,eGFP,False,"perturbing GM: purpose=expression,method=TALEN,target=?",ENCFF384CBC,IDR thresholded peaks,True,18381,517400e6e052cb92a46fe3149d535c71,https://www.encodeproject.org/files/ENCFF384CBC/@@download/ENCFF384CBC.bed.gz
iPSC_ESC,WTC11,ENCSR700LFA,TF ChIP-seq,CREB1,transcription factor,Homo sapiens WTC11 genetically modified (insertion) using CRISPR targeting H. sapiens CREB1,"Richard Myers, HAIB",0,0,5,3xFLAG,True,,ENCFF403FJH,IDR thresholded peaks,True,88717,034f472a72c1f8545497cd6b0fec0749,https://www.encodeproject.org/files/ENCFF403FJH/@@download/ENCFF403FJH.bed.gz
iPSC_ESC,WTC11,ENCSR146DPQ,Mint-ChIP-seq,H3K27ac,histone;narrow histone mark,Homo sapiens WTC11,"Bradley Bernstein, Broad",0,0,3,,True,,ENCFF655PNM,pseudoreplicated peaks,True,6229904,59ffdb2a778013f87bef4fb0c3363888,https://www.encodeproject.org/files/ENCFF655PNM/@@download/ENCFF655PNM.bed.gz
iPSC_ESC,WTC11,ENCSR987PGG,Mint-ChIP-seq,H3K9me3,histone;broad histone mark,Homo sapiens WTC11,"Bradley Bernstein, Broad",0,0,3,,True,,ENCFF108GEU,pseudoreplicated peaks,True,9151138,6c075acc35430eb780509e557ae88b95,https://www.encodeproject.org/files/ENCFF108GEU/@@download/ENCFF108GEU.bed.gz
iPSC_ESC,WTC11,ENCSR356QPN,Mint-ChIP-seq,H3K36me3,histone;broad histone mark,Homo sapiens WTC11,"Bradley Bernstein, Broad",0,0,3,,True,,ENCFF281TUY,pseudoreplicated peaks,True,9285129,b84c69daa204a2e1031dbe81e57171aa,https://www.encodeproject.org/files/ENCFF281TUY/@@download/ENCFF281TUY.bed.gz
iPSC_ESC,WTC11,ENCSR473GYW,Mint-ChIP-seq,H3K4me1,histone;broad histone mark,Homo sapiens WTC11,"Bradley Bernstein, Broad",0,0,3,,True,,ENCFF199JTJ,pseudoreplicated peaks,True,10797137,516224eaaec30f8ecffeb92ecfd03b90,https://www.encodeproject.org/files/ENCFF199JTJ/@@download/ENCFF199JTJ.bed.gz
iPSC_ESC,WTC11,ENCSR418YEV,Mint-ChIP-seq,H3K27me3,histone;broad histone mark,Homo sapiens WTC11,"Bradley Bernstein, Broad",0,0,11,,True,,ENCFF801DJK,pseudoreplicated peaks,True,3512183,b1f0358c4db34fc0d96d4df965fa572e,https://www.encodeproject.org/files/ENCFF801DJK/@@download/ENCFF801DJK.bed.gz
iPSC_ESC,WTC11,ENCSR549BTS,Mint-ChIP-seq,H3K4me3,histone;narrow histone mark,Homo sapiens WTC11,"Bradley Bernstein, Broad",0,0,9,,True,,ENCFF602PJG,pseudoreplicated peaks,True,1862586,8fa4fcac7e868ce3978fc68b3676090c,https://www.encodeproject.org/files/ENCFF602PJG/@@download/ENCFF602PJG.bed.gz
iPSC_ESC,H1,ENCSR000ECF,TF ChIP-seq,RFX5,transcription factor,Homo sapiens H1,"Michael Snyder, Stanford",0,0,8,,True,,ENCFF062WBN,optimal IDR thresholded peaks,True,43422,7417b8d5ef128ebb9612050dcda350e9,https://www.encodeproject.org/files/ENCFF062WBN/@@download/ENCFF062WBN.bed.gz
iPSC_ESC,H1,ENCSR000EUO,TF ChIP-seq,CTBP2,cofactor,Homo sapiens H1,"Peggy Farnham, USC",0,3,8,,True,,ENCFF482FLE,optimal IDR thresholded peaks,True,154307,c194e676642456af60b15be219fee3c9,https://www.encodeproject.org/files/ENCFF482FLE/@@download/ENCFF482FLE.bed.gz
iPSC_ESC,H1,ENCSR000EUN,TF ChIP-seq,ZNF274,transcription factor,Homo sapiens H1,"Peggy Farnham, USC",1,0,9,,True,,ENCFF943NOT,optimal IDR thresholded peaks,True,25123,9aeebb6c94faeda4fc0a3408ec829fa1,https://www.encodeproject.org/files/ENCFF943NOT/@@download/ENCFF943NOT.bed.gz
iPSC_ESC,H1,ENCSR000BIV,TF ChIP-seq,SRF,transcription factor,Homo sapiens H1,"Richard Myers, HAIB",0,0,10,,True,,ENCFF345IDL,optimal IDR thresholded peaks,True,97696,42c991348384d45a505fa2cf2a6e35ff,https://www.encodeproject.org/files/ENCFF345IDL/@@download/ENCFF345IDL.bed.gz
iPSC_ESC,H1,ENCSR000EBP,TF ChIP-seq,GTF2F1,RNA polymerase complex,Homo sapiens H1,"Michael Snyder, Stanford",0,0,10,,True,,ENCFF493PRB,optimal IDR thresholded peaks,True,77391,abdfbf0352aa633ace1fd3e2d5383d54,https://www.encodeproject.org/files/ENCFF493PRB/@@download/ENCFF493PRB.bed.gz
iPSC_ESC,H1,ENCSR000BKP,TF ChIP-seq,JUND,transcription factor,Homo sapiens H1,"Richard Myers, HAIB",0,2,9,,True,,ENCFF646IUA,optimal IDR thresholded peaks,True,248403,4e5987a810e7796cf5e42c219da30108,https://www.encodeproject.org/files/ENCFF646IUA/@@download/ENCFF646IUA.bed.gz
iPSC_ESC,H1,ENCSR000BHM,TF ChIP-seq,REST,transcription factor,Homo sapiens H1,"Richard Myers, HAIB",0,0,5,,True,,ENCFF403CAJ,optimal IDR thresholded peaks,True,280001,9f84b13c5eb67b5b9b2abc6d136f1972,https://www.encodeproject.org/files/ENCFF403CAJ/@@download/ENCFF403CAJ.bed.gz
iPSC_ESC,H1,ENCSR000ECC,TF ChIP-seq,NRF1,transcription factor,Homo sapiens H1,"Michael Snyder, Stanford",0,0,9,,True,,ENCFF407IVS,optimal IDR thresholded peaks,True,87390,d947727aba48694e2b48c19dae2912f5,https://www.encodeproject.org/files/ENCFF407IVS/@@download/ENCFF407IVS.bed.gz
iPSC_ESC,H1,ENCSR000EUP,TF ChIP-seq,MAX,transcription factor,Homo sapiens H1,"Peggy Farnham, USC",2,2,3,,False,WTC11 data available for this target (H1/H9 fallback not used),ENCFF762LKG,optimal IDR thresholded peaks,True,94385,f43f8ec35061a85fbc5fd880e790ead4,https://www.encodeproject.org/files/ENCFF762LKG/@@download/ENCFF762LKG.bed.gz
iPSC_ESC,H1,ENCSR000AVA,TF ChIP-seq,CHD7,transcription factor,Homo sapiens H1,"Bradley Bernstein, Broad",0,1,9,,True,,ENCFF658SXI,optimal IDR thresholded peaks,True,122072,1ee91329fad981f8122dadc318d79650,https://www.encodeproject.org/files/ENCFF658SXI/@@download/ENCFF658SXI.bed.gz
iPSC_ESC,H1,ENCSR000BJW,TF ChIP-seq,RXRA,transcription factor,Homo sapiens H1,"Richard Myers, HAIB",0,1,6,,True,,ENCFF430SIE,optimal IDR thresholded peaks,True,35762,9f0108ecc1dd2dd7c60219069f22a2a3,https://www.encodeproject.org/files/ENCFF430SIE/@@download/ENCFF430SIE.bed.gz
iPSC_ESC,H1,ENCSR000ATR,TF ChIP-seq,SAP30,chromatin remodeler;cofactor,Homo sapiens H1,"Bradley Bernstein, Broad",0,3,6,,True,,ENCFF193TFR,optimal IDR thresholded peaks,True,160361,5c428d1abecb23e07637338356033dde,https://www.encodeproject.org/files/ENCFF193TFR/@@download/ENCFF193TFR.bed.gz
iPSC_ESC,H1,ENCSR000AVB,TF ChIP-seq,HDAC2,chromatin remodeler,Homo sapiens H1,"Bradley Bernstein, Broad",0,0,7,,True,,ENCFF497YNJ,optimal IDR thresholded peaks,True,319510,c899549e2edc5d667677c100b4908080,https://www.encodeproject.org/files/ENCFF497YNJ/@@download/ENCFF497YNJ.bed.gz
iPSC_ESC,H1,ENCSR000ATQ,TF ChIP-seq,HDAC6,chromatin remodeler,Homo sapiens H1,"Bradley Bernstein, Broad",0,0,6,,True,,ENCFF802HUU,IDR thresholded peaks,True,3259,2699038a4b552d45a9d31548e1a3c243,https://www.encodeproject.org/files/ENCFF802HUU/@@download/ENCFF802HUU.bed.gz
iPSC_ESC,H1,ENCSR000EBZ,TF ChIP-seq,JUND,transcription factor,Homo sapiens H1,"Michael Snyder, Stanford",0,0,10,,True,,ENCFF443HNU,optimal IDR thresholded peaks,True,237702,b507ee46a549c51ca139b12f285e9515,https://www.encodeproject.org/files/ENCFF443HNU/@@download/ENCFF443HNU.bed.gz
iPSC_ESC,H1,ENCSR000DLI,TF ChIP-seq,MYC,transcription factor,Homo sapiens H1,"Vishwanath Iyer, UTA",0,2,3,,True,,ENCFF049SMR,IDR thresholded peaks,True,159,2ffaf2f242e9fe88c69f7060e62d583a,https://www.encodeproject.org/files/ENCFF049SMR/@@download/ENCFF049SMR.bed.gz
iPSC_ESC,H1,ENCSR000BKD,TF ChIP-seq,YY1,transcription factor,Homo sapiens H1,"Richard Myers, HAIB",0,0,7,,True,,ENCFF509GYP,optimal IDR thresholded peaks,True,425257,60a16f0e4b44bad618dd6a05511bde2d,https://www.encodeproject.org/files/ENCFF509GYP/@@download/ENCFF509GYP.bed.gz
iPSC_ESC,H1,ENCSR000BLD,TF ChIP-seq,RAD21,cohesin,Homo sapiens H1,"Richard Myers, HAIB",0,0,8,,True,,ENCFF060IVS,optimal IDR thresholded peaks,True,1187766,a8c72827b71b341202ede8867c201a8b,https://www.encodeproject.org/files/ENCFF060IVS/@@download/ENCFF060IVS.bed.gz
iPSC_ESC,H1,ENCSR000ASY,TF ChIP-seq,EZH2,chromatin remodeler,Homo sapiens H1,"Bradley Bernstein, Broad",0,1,12,,True,,ENCFF414CAB,IDR thresholded peaks,True,333775,2a5bbe3c257fe3ac222d41899e861ce4,https://www.encodeproject.org/files/ENCFF414CAB/@@download/ENCFF414CAB.bed.gz
iPSC_ESC,H1,ENCSR000BQG,TF ChIP-seq,SP2,transcription factor,Homo sapiens H1,"Richard Myers, HAIB",0,0,7,,True,,ENCFF309QRC,IDR thresholded peaks,True,41772,311e63beaf63314eefd174f6a749b8c3,https://www.encodeproject.org/files/ENCFF309QRC/@@download/ENCFF309QRC.bed.gz
iPSC_ESC,H1,ENCSR000BMJ,TF ChIP-seq,BCL11A,transcription factor,Homo sapiens H1,"Richard Myers, HAIB",0,0,4,,True,,ENCFF262EKX,IDR thresholded peaks,True,15500,de8c9ccce37c5196f185be38e3e30911,https://www.encodeproject.org/files/ENCFF262EKX/@@download/ENCFF262EKX.bed.gz
iPSC_ESC,H1,ENCSR000BIW,TF ChIP-seq,GABPA,transcription factor,Homo sapiens H1,"Richard Myers, HAIB",0,1,6,,True,,ENCFF225GFQ,optimal IDR thresholded peaks,True,162870,1b76a66a073593c6aa559fcbadc5560c,https://www.encodeproject.org/files/ENCFF225GFQ/@@download/ENCFF225GFQ.bed.gz
iPSC_ESC,H1,ENCSR000EBY,TF ChIP-seq,MYC,transcription factor,Homo sapiens H1,"Michael Snyder, Stanford",0,0,13,,True,,ENCFF392JJN,optimal IDR thresholded peaks,True,121090,2eb2174f94c3d036591290de643646ff,https://www.encodeproject.org/files/ENCFF392JJN/@@download/ENCFF392JJN.bed.gz
iPSC_ESC,H1,ENCSR000BJA,TF ChIP-seq,EGR1,transcription factor,Homo sapiens H1,"Richard Myers, HAIB",0,0,4,,True,,ENCFF477ANT,optimal IDR thresholded peaks,True,205541,29679d804ec39d878f61ec037a69b2b7,https://www.encodeproject.org/files/ENCFF477ANT/@@download/ENCFF477ANT.bed.gz
iPSC_ESC,H1,ENCSR000ECB,TF ChIP-seq,TBP,transcription factor,Homo sapiens H1,"Michael Snyder, Stanford",0,0,7,,True,,ENCFF748YXF,optimal IDR thresholded peaks,True,400085,d91c6161ca0615e10045d7408ea25edb,https://www.encodeproject.org/files/ENCFF748YXF/@@download/ENCFF748YXF.bed.gz
iPSC_ESC,H1,ENCSR000BQV,TF ChIP-seq,SP4,transcription factor,Homo sapiens H1,"Richard Myers, HAIB",0,0,3,,True,,ENCFF257FUV,IDR thresholded peaks,True,138857,fb832c8e033746379c5dbc8c6a14a181,https://www.encodeproject.org/files/ENCFF257FUV/@@download/ENCFF257FUV.bed.gz
iPSC_ESC,H1,ENCSR000BLU,TF ChIP-seq,TAF7,RNA polymerase complex,Homo sapiens H1,"Richard Myers, HAIB",0,0,9,,True,,ENCFF243PSJ,optimal IDR thresholded peaks,True,268805,7ca8e296ed81a8ede4969ea54007a197,https://www.encodeproject.org/files/ENCFF243PSJ/@@download/ENCFF243PSJ.bed.gz
iPSC_ESC,H1,ENCSR000BIR,TF ChIP-seq,SP1,transcription factor,Homo sapiens H1,"Richard Myers, HAIB",0,0,4,,False,WTC11 data available for this target (H1/H9 fallback not used),ENCFF500JFI,optimal IDR thresholded peaks,True,364303,90cc3b9e4c87a99cafe7098f1a5b1843,https://www.encodeproject.org/files/ENCFF500JFI/@@download/ENCFF500JFI.bed.gz
iPSC_ESC,H1,ENCSR000BSN,TF ChIP-seq,CREB1,transcription factor,Homo sapiens H1,"Richard Myers, HAIB",0,0,1,,False,WTC11 data available for this target (H1/H9 fallback not used),ENCFF978KGB,IDR thresholded peaks,True,358032,fc8296ce9b1cd964d7b121db26f0d5a9,https://www.encodeproject.org/files/ENCFF978KGB/@@download/ENCFF978KGB.bed.gz
iPSC_ESC,H1,ENCSR000EBR,TF ChIP-seq,MXI1,transcription factor,Homo sapiens H1,"Michael Snyder, Stanford",0,0,4,,True,,ENCFF727RNJ,IDR thresholded peaks,True,133509,4c073d6fcdff7e42a35ff630c517ca95,https://www.encodeproject.org/files/ENCFF727RNJ/@@download/ENCFF727RNJ.bed.gz
iPSC_ESC,H1,ENCSR000ECE,TF ChIP-seq,RAD21,cohesin,Homo sapiens H1,"Michael Snyder, Stanford",0,0,7,,True,,ENCFF255FRL,optimal IDR thresholded peaks,True,1035891,a6672d55836af7a7a3593d0af32917e0,https://www.encodeproject.org/files/ENCFF255FRL/@@download/ENCFF255FRL.bed.gz
iPSC_ESC,H1,ENCSR000BMT,TF ChIP-seq,NANOG,transcription factor,Homo sapiens H1,"Richard Myers, HAIB",0,3,5,,True,,ENCFF794GVQ,optimal IDR thresholded peaks,True,139159,7d86f995b39984be80c7f701ba3f671e,https://www.encodeproject.org/files/ENCFF794GVQ/@@download/ENCFF794GVQ.bed.gz
iPSC_ESC,H1,ENCSR000DLJ,TF ChIP-seq,POLR2A,RNA polymerase complex,Homo sapiens H1,"Vishwanath Iyer, UTA",2,0,4,,True,,ENCFF918UHB,IDR thresholded peaks,True,265188,bf6931da434db4dad62a9339f5ef6e6b,https://www.encodeproject.org/files/ENCFF918UHB/@@download/ENCFF918UHB.bed.gz
iPSC_ESC,H1,ENCSR000EBX,TF ChIP-seq,BRCA1,chromatin remodeler,Homo sapiens H1,"Michael Snyder, Stanford",0,0,9,,True,,ENCFF962YTC,optimal IDR thresholded peaks,True,35829,e0e2665489187f6c34c4bde2b4a4b997,https://www.encodeproject.org/files/ENCFF962YTC/@@download/ENCFF962YTC.bed.gz
iPSC_ESC,H1,ENCSR000BIU,TF ChIP-seq,USF1,transcription factor,Homo sapiens H1,"Richard Myers, HAIB",0,0,4,,False,WTC11 data available for this target (H1/H9 fallback not used),ENCFF699HXL,optimal IDR thresholded peaks,True,534069,e0651aa4696007dd00ff5a3d9c993f46,https://www.encodeproject.org/files/ENCFF699HXL/@@download/ENCFF699HXL.bed.gz
iPSC_ESC,H1,ENCSR000BRY,TF ChIP-seq,TEAD4,transcription factor,Homo sapiens H1,"Richard Myers, HAIB",0,0,5,,False,WTC11 data available for this target (H1/H9 fallback not used),ENCFF885PQR,IDR thresholded peaks,True,391520,4e0d0dd4f67b5213c0a9a9112a9972ef,https://www.encodeproject.org/files/ENCFF885PQR/@@download/ENCFF885PQR.bed.gz
iPSC_ESC,H1,ENCSR000ECA,TF ChIP-seq,JUN,transcription factor,Homo sapiens H1,"Michael Snyder, Stanford",0,0,11,,False,WTC11 data available for this target (H1/H9 fallback not used),ENCFF312GEN,optimal IDR thresholded peaks,True,51395,5554e274614e0bd6f8829b17f0070219,https://www.encodeproject.org/files/ENCFF312GEN/@@download/ENCFF312GEN.bed.gz
iPSC_ESC,H1,ENCSR000BIP,TF ChIP-seq,BCL11A,transcription factor,Homo sapiens H1,"Richard Myers, HAIB",0,0,4,,True,,ENCFF847HXU,IDR thresholded peaks,True,20167,caf70b2564697f300378b90ec7607867,https://www.encodeproject.org/files/ENCFF847HXU/@@download/ENCFF847HXU.bed.gz
iPSC_ESC,H1,ENCSR000EBT,TF ChIP-seq,CHD2,RNA binding protein,Homo sapiens H1,"Michael Snyder, Stanford",0,0,8,,True,,ENCFF245UXM,optimal IDR thresholded peaks,True,165834,e94fbfd86b033f49986a2264c18fc411,https://www.encodeproject.org/files/ENCFF245UXM/@@download/ENCFF245UXM.bed.gz
iPSC_ESC,H1,ENCSR000BMU,TF ChIP-seq,POU5F1,transcription factor,Homo sapiens H1,"Richard Myers, HAIB",0,0,10,,True,,ENCFF383EYO,IDR thresholded peaks,True,86965,c60c4f9b1608fb4e047f5d073a724b12,https://www.encodeproject.org/files/ENCFF383EYO/@@download/ENCFF383EYO.bed.gz
iPSC_ESC,H1,ENCSR000BIT,TF ChIP-seq,TCF12,transcription factor,Homo sapiens H1,"Richard Myers, HAIB",0,0,6,,True,,ENCFF740HPV,optimal IDR thresholded peaks,True,201307,c24e29c6e2b2b45cbf81d057dd2e7e56,https://www.encodeproject.org/files/ENCFF740HPV/@@download/ENCFF740HPV.bed.gz
iPSC_ESC,H1,ENCSR000EBQ,TF ChIP-seq,BACH1,transcription factor,Homo sapiens H1,"Michael Snyder, Stanford",0,0,8,,True,,ENCFF851YHG,optimal IDR thresholded peaks,True,238333,c65a25bd893fd3bae4be49add7eb739c,https://www.encodeproject.org/files/ENCFF851YHG/@@download/ENCFF851YHG.bed.gz
iPSC_ESC,H1,ENCSR000AUQ,TF ChIP-seq,EP300,transcription factor,Homo sapiens H1,"Bradley Bernstein, Broad",0,0,6,,True,,ENCFF583FUX,IDR thresholded peaks,True,34676,287a510b1063ffe945e09b28398cb0b6,https://www.encodeproject.org/files/ENCFF583FUX/@@download/ENCFF583FUX.bed.gz
iPSC_ESC,H1,ENCSR000EBV,TF ChIP-seq,CEBPB,transcription factor,Homo sapiens H1,"Michael Snyder, Stanford",0,0,5,,True,,ENCFF823KCM,IDR thresholded peaks,True,357918,248d11012573504d157aff69275a7ba8,https://www.encodeproject.org/files/ENCFF823KCM/@@download/ENCFF823KCM.bed.gz
iPSC_ESC,H1,ENCSR000EBO,TF ChIP-seq,SIN3A,chromatin remodeler,Homo sapiens H1,"Michael Snyder, Stanford",0,0,8,,True,,ENCFF514BGQ,optimal IDR thresholded peaks,True,549571,90a77b9cab6dd553e270a2b042c486a3,https://www.encodeproject.org/files/ENCFF514BGQ/@@download/ENCFF514BGQ.bed.gz
iPSC_ESC,H1,ENCSR000AUS,TF ChIP-seq,SIRT6,chromatin remodeler,Homo sapiens H1,"Bradley Bernstein, Broad",0,0,2,,True,,ENCFF219XEX,IDR thresholded peaks,True,5663,c7740986fb1594e17c340329ee351f42,https://www.encodeproject.org/files/ENCFF219XEX/@@download/ENCFF219XEX.bed.gz
iPSC_ESC,H1,ENCSR000BKC,TF ChIP-seq,ATF3,transcription factor,Homo sapiens H1,"Richard Myers, HAIB",0,1,5,,False,WTC11 data available for this target (H1/H9 fallback not used),ENCFF487GLV,optimal IDR thresholded peaks,True,95778,12425177b305e4d7671fca9031627a72,https://www.encodeproject.org/files/ENCFF487GLV/@@download/ENCFF487GLV.bed.gz
iPSC_ESC,H1,ENCSR000AQK,TF ChIP-seq,CHD1,chromatin remodeler,Homo sapiens H1,"Bradley Bernstein, Broad",0,1,8,,True,,ENCFF549ODQ,optimal IDR thresholded peaks,True,174100,a79aed59e1975675283345d59a89b250,https://www.encodeproject.org/files/ENCFF549ODQ/@@download/ENCFF549ODQ.bed.gz
iPSC_ESC,H1,ENCSR000DLK,TF ChIP-seq,CTCF,transcription factor,Homo sapiens H1,"Vishwanath Iyer, UTA",2,1,2,,False,WTC11 data available for this target (H1/H9 fallback not used),ENCFF412KEU,IDR thresholded peaks,True,595484,a6f6143c04c10d75862e1e922d87f8d7,https://www.encodeproject.org/files/ENCFF412KEU/@@download/ENCFF412KEU.bed.gz
iPSC_ESC,H1,ENCSR000ECD,TF ChIP-seq,USF2,transcription factor,Homo sapiens H1,"Michael Snyder, Stanford",0,0,6,,False,WTC11 data available for this target (H1/H9 fallback not used),ENCFF710JBU,optimal IDR thresholded peaks,True,150440,601512de9a77ef0469c0de93165675d7,https://www.encodeproject.org/files/ENCFF710JBU/@@download/ENCFF710JBU.bed.gz
iPSC_ESC,H1,ENCSR000EBU,TF ChIP-seq,CHD1,chromatin remodeler,Homo sapiens H1,"Michael Snyder, Stanford",0,0,9,,True,,ENCFF806HXY,optimal IDR thresholded peaks,True,38520,5908ebf5322a0e548020dcde56401f9e,https://www.encodeproject.org/files/ENCFF806HXY/@@download/ENCFF806HXY.bed.gz
iPSC_ESC,H1,ENCSR000BHO,TF ChIP-seq,TAF1,RNA polymerase complex,Homo sapiens H1,"Richard Myers, HAIB",0,0,6,,True,,ENCFF870SFJ,optimal IDR thresholded peaks,True,491657,37a1e34d55ce2dbc5e698b270c80ac13,https://www.encodeproject.org/files/ENCFF870SFJ/@@download/ENCFF870SFJ.bed.gz
iPSC_ESC,H1,ENCSR771SNW,TF ChIP-seq,CBX8,DNA repair;RNA binding protein;chromatin remodeler,Homo sapiens H1,"Bradley Bernstein, Broad",0,0,5,,True,,ENCFF483UZG,IDR thresholded peaks,True,48511,34fd32b4f5a28760983894a80922622b,https://www.encodeproject.org/files/ENCFF483UZG/@@download/ENCFF483UZG.bed.gz
iPSC_ESC,H1,ENCSR418RRF,TF ChIP-seq,KDM1A,chromatin remodeler,Homo sapiens H1,"Bradley Bernstein, Broad",0,0,6,,True,,ENCFF562OAN,optimal IDR thresholded peaks,True,360272,3a4ecb92e0a2dd51a44be48fae9384af,https://www.encodeproject.org/files/ENCFF562OAN/@@download/ENCFF562OAN.bed.gz
iPSC_ESC,H1,ENCSR000EUQ,TF ChIP-seq,SUZ12,chromatin remodeler,Homo sapiens H1,"Peggy Farnham, USC",0,3,4,,True,,ENCFF938PCI,optimal IDR thresholded peaks,True,78387,ad21632c1b801140f11f879c8dd722a4,https://www.encodeproject.org/files/ENCFF938PCI/@@download/ENCFF938PCI.bed.gz
iPSC_ESC,H1,ENCSR000AVC,TF ChIP-seq,KDM4A,chromatin remodeler,Homo sapiens H1,"Bradley Bernstein, Broad",0,1,5,,True,,ENCFF021QGZ,IDR thresholded peaks,True,619130,1f1bfb8de62a6052e7f400606e8eec6d,https://www.encodeproject.org/files/ENCFF021QGZ/@@download/ENCFF021QGZ.bed.gz
iPSC_ESC,H1,ENCSR000BSI,TF ChIP-seq,E2F6,transcription factor,Homo sapiens H1,"Richard Myers, HAIB",0,0,1,,True,,ENCFF174AVU,IDR thresholded peaks,True,524026,b95060a21787373240a3e980ca76f4bb,https://www.encodeproject.org/files/ENCFF174AVU/@@download/ENCFF174AVU.bed.gz
iPSC_ESC,H1,ENCSR000BIS,TF ChIP-seq,SIN3A,chromatin remodeler,Homo sapiens H1,"Richard Myers, HAIB",0,0,6,,True,,ENCFF905VZD,optimal IDR thresholded peaks,True,244137,9df45f832a076cb13dc3852def56f03c,https://www.encodeproject.org/files/ENCFF905VZD/@@download/ENCFF905VZD.bed.gz
iPSC_ESC,H1,ENCSR000EBS,TF ChIP-seq,MAFK,transcription factor,Homo sapiens H1,"Michael Snyder, Stanford",0,0,11,,True,,ENCFF712RIS,optimal IDR thresholded peaks,True,235179,b0ecbc3c994eb0727a73de2fe070b1f7,https://www.encodeproject.org/files/ENCFF712RIS/@@download/ENCFF712RIS.bed.gz
iPSC_ESC,H1,ENCSR000ATS,TF ChIP-seq,SUZ12,chromatin remodeler,Homo sapiens H1,"Bradley Bernstein, Broad",0,0,10,,True,,ENCFF671SZQ,optimal IDR thresholded peaks,True,323399,3e356ac4b4d1a22eb6b89d2efe4570d4,https://www.encodeproject.org/files/ENCFF671SZQ/@@download/ENCFF671SZQ.bed.gz
iPSC_ESC,H1,ENCSR000BSJ,TF ChIP-seq,MAX,transcription factor,Homo sapiens H1,"Richard Myers, HAIB",0,0,1,,False,WTC11 data available for this target (H1/H9 fallback not used),ENCFF460LNS,IDR thresholded peaks,True,705302,49b2fae44d4bb1ea24fc438529071065,https://www.encodeproject.org/files/ENCFF460LNS/@@download/ENCFF460LNS.bed.gz
iPSC_ESC,H1,ENCSR000BQU,TF ChIP-seq,ATF2,transcription factor,Homo sapiens H1,"Richard Myers, HAIB",0,0,3,,False,WTC11 data available for this target (H1/H9 fallback not used),ENCFF352KLD,IDR thresholded peaks,True,152345,f2d8da4f96ee322d13e45f9719c226d2,https://www.encodeproject.org/files/ENCFF352KLD/@@download/ENCFF352KLD.bed.gz
iPSC_ESC,H1,ENCSR000BNR,TF ChIP-seq,HDAC2,chromatin remodeler,Homo sapiens H1,"Richard Myers, HAIB",0,0,10,,True,,ENCFF009IVJ,optimal IDR thresholded peaks,True,172087,d5025509d1d369bfdabc0eb2c82f18f2,https://www.encodeproject.org/files/ENCFF009IVJ/@@download/ENCFF009IVJ.bed.gz
iPSC_ESC,H1,ENCSR000AQC,TF ChIP-seq,RBBP5,chromatin remodeler,Homo sapiens H1,"Bradley Bernstein, Broad",0,0,8,,True,,ENCFF607WCG,optimal IDR thresholded peaks,True,423333,1d5d4fc00b50a874cda80b9556bfb60d,https://www.encodeproject.org/files/ENCFF607WCG/@@download/ENCFF607WCG.bed.gz
iPSC_ESC,H1,ENCSR000ATK,TF ChIP-seq,PHF8,chromatin remodeler,Homo sapiens H1,"Bradley Bernstein, Broad",0,0,10,,True,,ENCFF651QOL,optimal IDR thresholded peaks,True,392849,00b5f4f2e35a700ec1521c51a7dcf1eb,https://www.encodeproject.org/files/ENCFF651QOL/@@download/ENCFF651QOL.bed.gz
iPSC_ESC,H1,ENCSR000AMF,TF ChIP-seq,CTCF,transcription factor,Homo sapiens H1,"Bradley Bernstein, Broad",0,0,5,,False,WTC11 data available for this target (H1/H9 fallback not used),ENCFF692RPA,IDR thresholded peaks,True,1093090,c3c17414a7f588e17f0b53a38befbd0b,https://www.encodeproject.org/files/ENCFF692RPA/@@download/ENCFF692RPA.bed.gz
iPSC_ESC,H1,ENCSR160ZLP,TF ChIP-seq,KDM5A,chromatin remodeler,Homo sapiens H1,"Bradley Bernstein, Broad",0,0,8,,True,,ENCFF342EEV,optimal IDR thresholded peaks,True,69730,dbde3937e8c8db51e886f1f005db59d6,https://www.encodeproject.org/files/ENCFF342EEV/@@download/ENCFF342EEV.bed.gz
iPSC_ESC,H1,ENCSR000BIQ,TF ChIP-seq,SIX5,transcription factor,Homo sapiens H1,"Richard Myers, HAIB",0,0,6,,True,,ENCFF644BNN,optimal IDR thresholded peaks,True,58211,ef33160da1dbc7d345f7eb36065717f9,https://www.encodeproject.org/files/ENCFF644BNN/@@download/ENCFF644BNN.bed.gz
iPSC_ESC,H1,ENCSR850KIP,TF ChIP-seq,ASH2L,chromatin remodeler,Homo sapiens H1,"Bradley Bernstein, Broad",0,0,7,,True,,ENCFF693FGQ,IDR thresholded peaks,True,662939,0298e4291237464e6556e8959808e7ea,https://www.encodeproject.org/files/ENCFF693FGQ/@@download/ENCFF693FGQ.bed.gz
iPSC_ESC,H1,ENCSR000BHN,TF ChIP-seq,POLR2A,RNA polymerase complex,Homo sapiens H1,"Richard Myers, HAIB",0,0,6,,True,,ENCFF422HDN,optimal IDR thresholded peaks,True,668440,81e25b8c10a5241e0d03b2c2ffe0fde1,https://www.encodeproject.org/files/ENCFF422HDN/@@download/ENCFF422HDN.bed.gz
iPSC_ESC,H1,ENCSR784VUY,TF ChIP-seq,RNF2,transcription factor,Homo sapiens H1,"Bradley Bernstein, Broad",2,2,8,,True,,ENCFF283MNG,optimal IDR thresholded peaks,True,193485,945422171ef459e0fc87ab580a2cfda8,https://www.encodeproject.org/files/ENCFF283MNG/@@download/ENCFF283MNG.bed.gz
iPSC_ESC,H1,ENCSR000BIC,TF ChIP-seq,POLR2AphosphoS5,RNA polymerase complex,Homo sapiens H1,"Richard Myers, HAIB",0,0,4,,True,,ENCFF418QVJ,optimal IDR thresholded peaks,True,584500,e02c29a59b2bea50cecbdaf1d09060a2,https://www.encodeproject.org/files/ENCFF418QVJ/@@download/ENCFF418QVJ.bed.gz
iPSC_ESC,H1,ENCSR000BNH,TF ChIP-seq,CTCF,transcription factor,Homo sapiens H1,"Richard Myers, HAIB",0,0,10,,False,WTC11 data available for this target (H1/H9 fallback not used),ENCFF821AQO,optimal IDR thresholded peaks,True,896598,6b8cb10006e54394256ba65597a853c4,https://www.encodeproject.org/files/ENCFF821AQO/@@download/ENCFF821AQO.bed.gz
iPSC_ESC,H1,ENCSR663WAR,TF ChIP-seq,REST,transcription factor,Homo sapiens H1,"Bradley Bernstein, Broad",0,0,6,,True,,ENCFF779CWH,optimal IDR thresholded peaks,True,112622,c00d4edc304c9026168b72ef514f3506,https://www.encodeproject.org/files/ENCFF779CWH/@@download/ENCFF779CWH.bed.gz
iPSC_ESC,H1,ENCSR814KIO,TF ChIP-seq,CBX5,chromatin remodeler;cofactor,Homo sapiens H1,"Bradley Bernstein, Broad",0,0,6,,True,,ENCFF218OXB,IDR thresholded peaks,True,6922,b50ea868d2296a13a6ea9a9f29032894,https://www.encodeproject.org/files/ENCFF218OXB/@@download/ENCFF218OXB.bed.gz
iPSC_ESC,H1,ENCSR000BNS,TF ChIP-seq,FOSL1,transcription factor,Homo sapiens H1,"Richard Myers, HAIB",0,1,9,,True,,ENCFF063OKB,optimal IDR thresholded peaks,True,23332,e8bebbdea3d446deb3f5f0230d2fe018,https://www.encodeproject.org/files/ENCFF063OKB/@@download/ENCFF063OKB.bed.gz
iPSC_ESC,H1,ENCSR000BKK,TF ChIP-seq,EP300,transcription factor,Homo sapiens H1,"Richard Myers, HAIB",0,0,7,,True,,ENCFF834UVX,optimal IDR thresholded peaks,True,240550,ae2651345c0138178945300c6923d004,https://www.encodeproject.org/files/ENCFF834UVX/@@download/ENCFF834UVX.bed.gz
iPSC_ESC,H1,ENCSR000AMG,Histone ChIP-seq,H3K4me3,histone;narrow histone mark,Homo sapiens H1,"Bradley Bernstein, Broad",0,1,4,,False,WTC11 data available for this target (H1/H9 fallback not used),ENCFF118FXI,pseudoreplicated peaks,True,890506,7f283a55ec616de04266849f5b041b7b,https://www.encodeproject.org/files/ENCFF118FXI/@@download/ENCFF118FXI.bed.gz
iPSC_ESC,H1,ENCSR000APY,Histone ChIP-seq,H3K79me2,histone;broad histone mark,Homo sapiens H1,"Bradley Bernstein, Broad",0,2,5,,True,,ENCFF792SGR,pseudoreplicated peaks,True,2345599,88e887bf1ae6a4c15f7c5d1ba48ff61e,https://www.encodeproject.org/files/ENCFF792SGR/@@download/ENCFF792SGR.bed.gz
iPSC_ESC,H1,ENCSR571IIS,Histone ChIP-seq,H2AFZ,histone;narrow histone mark,Homo sapiens H1,"Bing Ren, UCSD",0,3,2,,True,,ENCFF584JOM,pseudoreplicated peaks,True,608873,f38554ab3b7cda98a9e1734f5f37a107,https://www.encodeproject.org/files/ENCFF584JOM/@@download/ENCFF584JOM.bed.gz
iPSC_ESC,H1,ENCSR462XRE,Histone ChIP-seq,H2BK20ac,histone,Homo sapiens H1,"Bing Ren, UCSD",0,0,2,,True,,ENCFF628KOM,replicated peaks,True,1809842,b5309db44e4dca70be84240dc440c9f7,https://www.encodeproject.org/files/ENCFF628KOM/@@download/ENCFF628KOM.bed.gz
iPSC_ESC,H1,ENCSR000AND,Histone ChIP-seq,H3K9ac,histone;narrow histone mark,Homo sapiens H1,"Bradley Bernstein, Broad",0,0,8,,True,,ENCFF266WWW,pseudoreplicated peaks,True,801208,f2863f8ae66422c3786daf8e946f9df5,https://www.encodeproject.org/files/ENCFF266WWW/@@download/ENCFF266WWW.bed.gz
iPSC_ESC,H1,ENCSR322MEI,Histone ChIP-seq,H3K4me2,histone;narrow histone mark,Homo sapiens H1,"Bing Ren, UCSD",0,1,10,,True,,ENCFF441MSJ,replicated peaks,True,2818266,3f97268ce344bb1c641140dc917691cf,https://www.encodeproject.org/files/ENCFF441MSJ/@@download/ENCFF441MSJ.bed.gz
iPSC_ESC,H1,ENCSR442DGE,Histone ChIP-seq,H3K79me1,histone,Homo sapiens H1,"Bing Ren, UCSD",0,0,6,,True,,ENCFF385DSV,replicated peaks,True,1144996,08b798987916efff9b695ae2f635d3cd,https://www.encodeproject.org/files/ENCFF385DSV/@@download/ENCFF385DSV.bed.gz
iPSC_ESC,H1,ENCSR000APX,Histone ChIP-seq,H2AFZ,histone;narrow histone mark,Homo sapiens H1,"Bradley Bernstein, Broad",0,0,3,,True,,ENCFF268SLY,pseudoreplicated peaks,True,3026461,25242fbf16981066d232669f25059d1a,https://www.encodeproject.org/files/ENCFF268SLY/@@download/ENCFF268SLY.bed.gz
iPSC_ESC,H1,ENCSR364BKW,Histone ChIP-seq,H2BK12ac,histone,Homo sapiens H1,"Bing Ren, UCSD",0,0,3,,True,,ENCFF315NAV,replicated peaks,True,3594459,7fb317580e691e70e865b329d698025a,https://www.encodeproject.org/files/ENCFF315NAV/@@download/ENCFF315NAV.bed.gz
iPSC_ESC,H1,ENCSR496DCY,Histone ChIP-seq,H3K36me3,histone;broad histone mark,Homo sapiens H1,"Joseph Costello, UCSF",0,2,9,,False,WTC11 data available for this target (H1/H9 fallback not used),ENCFF422MTS,replicated peaks,True,2736669,f46116ac8d96674773d737d25c5af1ca,https://www.encodeproject.org/files/ENCFF422MTS/@@download/ENCFF422MTS.bed.gz
iPSC_ESC,H1,ENCSR925LJZ,Histone ChIP-seq,H3K36me3,histone;broad histone mark,Homo sapiens H1,"Bradley Bernstein, Broad",0,6,4,,False,WTC11 data available for this target (H1/H9 fallback not used),ENCFF736WAN,replicated peaks,True,828134,be26760d8cf695b908741bf17772d5e7,https://www.encodeproject.org/files/ENCFF736WAN/@@download/ENCFF736WAN.bed.gz
iPSC_ESC,H1,ENCSR813CTI,Histone ChIP-seq,H3K9ac,histone;narrow histone mark,Homo sapiens H1,"Joseph Costello, UCSF",1,0,1,,True,,ENCFF443ZMH,pseudoreplicated peaks,True,874336,298a98fc2aa9c0de3c33c34bc93f79cf,https://www.encodeproject.org/files/ENCFF443ZMH/@@download/ENCFF443ZMH.bed.gz
iPSC_ESC,H1,ENCSR019SQX,Histone ChIP-seq,H3K4me3,histone;narrow histone mark,Homo sapiens H1,"Bradley Bernstein, Broad",0,1,9,,False,WTC11 data available for this target (H1/H9 fallback not used),ENCFF408FCY,replicated peaks,True,808862,1aef12d991cbdafbbc919c4ec8a9f620,https://www.encodeproject.org/files/ENCFF408FCY/@@download/ENCFF408FCY.bed.gz
iPSC_ESC,H1,ENCSR395USV,Histone ChIP-seq,H3K9me3,histone;broad histone mark,Homo sapiens H1,"Joseph Costello, UCSF",0,2,13,,False,WTC11 data available for this target (H1/H9 fallback not used),ENCFF250GSY,replicated peaks,True,2953129,a726cf18a507cead1f881cd2715194bc,https://www.encodeproject.org/files/ENCFF250GSY/@@download/ENCFF250GSY.bed.gz
iPSC_ESC,H1,ENCSR000ANC,Histone ChIP-seq,H3K4me2,histone;narrow histone mark,Homo sapiens H1,"Bradley Bernstein, Broad",0,0,5,,True,,ENCFF752DDE,pseudoreplicated peaks,True,1851469,da7e16f4e215d626c2de3c50bff9420e,https://www.encodeproject.org/files/ENCFF752DDE/@@download/ENCFF752DDE.bed.gz
iPSC_ESC,H1,ENCSR000AMH,Histone ChIP-seq,H4K20me1,histone;broad histone mark,Homo sapiens H1,"Bradley Bernstein, Broad",0,2,5,,True,,ENCFF178IZC,pseudoreplicated peaks,True,947891,2a44ffc6e9c738d8fe01578818ed802a,https://www.encodeproject.org/files/ENCFF178IZC/@@download/ENCFF178IZC.bed.gz
iPSC_ESC,H1,ENCSR891KGZ,Histone ChIP-seq,H4K8ac,histone,Homo sapiens H1,"Bing Ren, UCSD",1,1,10,,True,,ENCFF760EFQ,replicated peaks,True,2897578,71fcd5446e6f983b1e08648228b8ba7e,https://www.encodeproject.org/files/ENCFF760EFQ/@@download/ENCFF760EFQ.bed.gz
iPSC_ESC,H1,ENCSR675FLJ,Histone ChIP-seq,H4K5ac,histone,Homo sapiens H1,"Bing Ren, UCSD",0,3,5,,True,,ENCFF237OAY,replicated peaks,True,1255250,5dda9822dd47513a56c018d559f63b18,https://www.encodeproject.org/files/ENCFF237OAY/@@download/ENCFF237OAY.bed.gz
iPSC_ESC,H1,ENCSR631RJR,Histone ChIP-seq,H3K4me1,histone;broad histone mark,Homo sapiens H1,"Bradley Bernstein, Broad",0,6,3,,False,WTC11 data available for this target (H1/H9 fallback not used),ENCFF558IKG,replicated peaks,True,1256697,fde92ba19a36b3ed2e7705766b737ed0,https://www.encodeproject.org/files/ENCFF558IKG/@@download/ENCFF558IKG.bed.gz
iPSC_ESC,H1,ENCSR057BTG,Histone ChIP-seq,H3K14ac,histone,Homo sapiens H1,"Bing Ren, UCSD",0,6,4,,True,,ENCFF642IBN,replicated peaks,True,161606,83d1b1f1daa37147121ba4632e6ccd8d,https://www.encodeproject.org/files/ENCFF642IBN/@@download/ENCFF642IBN.bed.gz
iPSC_ESC,H1,ENCSR768FWX,Histone ChIP-seq,H3K56ac,histone,Homo sapiens H1,"Bing Ren, UCSD",0,3,9,,True,,ENCFF053HKF,replicated peaks,True,688356,27cc90f1550ec73f7627d17f3bb4a6c7,https://www.encodeproject.org/files/ENCFF053HKF/@@download/ENCFF053HKF.bed.gz
iPSC_ESC,H1,ENCSR728SZE,Histone ChIP-seq,H4K20me1,histone;broad histone mark,Homo sapiens H1,"Bing Ren, UCSD",0,6,4,,True,,ENCFF439CWL,replicated peaks,True,2086571,ad14163cfef9afc9f969f98851e6ac38,https://www.encodeproject.org/files/ENCFF439CWL/@@download/ENCFF439CWL.bed.gz
iPSC_ESC,H1,ENCSR883AQJ,Histone ChIP-seq,H3K9me3,histone;broad histone mark,Homo sapiens H1,"Bing Ren, UCSD",0,7,9,,False,WTC11 data available for this target (H1/H9 fallback not used),ENCFF348GGB,replicated peaks,True,1660220,8ceb88b1436fa6841df6f24d0488ab0f,https://www.encodeproject.org/files/ENCFF348GGB/@@download/ENCFF348GGB.bed.gz
iPSC_ESC,H1,ENCSR703KXH,Histone ChIP-seq,H2AK5ac,histone,Homo sapiens H1,"Bing Ren, UCSD",0,0,3,,True,,ENCFF160CEI,replicated peaks,True,2428315,0c46c59d6b175c25fedb74a2595464ba,https://www.encodeproject.org/files/ENCFF160CEI/@@download/ENCFF160CEI.bed.gz
iPSC_ESC,H1,ENCSR739BZR,Histone ChIP-seq,H2BK15ac,histone,Homo sapiens H1,"Bing Ren, UCSD",0,0,2,,True,,ENCFF997ZDN,replicated peaks,True,1423664,834e0291f65f22f2eea65da82af162aa,https://www.encodeproject.org/files/ENCFF997ZDN/@@download/ENCFF997ZDN.bed.gz
iPSC_ESC,H1,ENCSR038PFD,Histone ChIP-seq,H3K18ac,histone,Homo sapiens H1,"Bing Ren, UCSD",1,0,2,,True,,ENCFF397EFT,replicated peaks,True,1819496,b53e9c9864947614ec715bc7fe2e2bc2,https://www.encodeproject.org/files/ENCFF397EFT/@@download/ENCFF397EFT.bed.gz
iPSC_ESC,H1,ENCSR186OBR,Histone ChIP-seq,H3K27me3,histone;broad histone mark,Homo sapiens H1,"Bing Ren, UCSD",0,8,8,,False,WTC11 data available for this target (H1/H9 fallback not used),ENCFF156RHD,replicated peaks,True,1155589,e167cb7421974dd7fdfb0b6fc0ee388e,https://www.encodeproject.org/files/ENCFF156RHD/@@download/ENCFF156RHD.bed.gz
iPSC_ESC,H1,ENCSR301HRV,Histone ChIP-seq,H3K79me2,histone;broad histone mark,Homo sapiens H1,"Bing Ren, UCSD",0,6,4,,True,,ENCFF202EZL,replicated peaks,True,578345,3a3f9ce6f1c7673535819f22ffefaf88,https://www.encodeproject.org/files/ENCFF202EZL/@@download/ENCFF202EZL.bed.gz
iPSC_ESC,H1,ENCSR952GVX,Histone ChIP-seq,H3K9ac,histone;narrow histone mark,Homo sapiens H1,"Bradley Bernstein, Broad",0,0,11,,True,,ENCFF343GTP,replicated peaks,True,658760,9524a8b821aa7ac75a9ea26c53ff4c22,https://www.encodeproject.org/files/ENCFF343GTP/@@download/ENCFF343GTP.bed.gz
iPSC_ESC,H1,ENCSR003SSR,Histone ChIP-seq,H3K4me3,histone;narrow histone mark,Homo sapiens H1,"Joseph Costello, UCSF",2,2,3,,False,WTC11 data available for this target (H1/H9 fallback not used),ENCFF744ORJ,replicated peaks,True,626737,889cbcf4b9035cadbed6412c9fb962bb,https://www.encodeproject.org/files/ENCFF744ORJ/@@download/ENCFF744ORJ.bed.gz
iPSC_ESC,H1,ENCSR476KTK,Histone ChIP-seq,H3K36me3,histone;broad histone mark,Homo sapiens H1,"Bing Ren, UCSD",0,6,9,,False,WTC11 data available for this target (H1/H9 fallback not used),ENCFF093YFN,replicated peaks,True,3756757,5da06df6757da36c36f5d953deade08a,https://www.encodeproject.org/files/ENCFF093YFN/@@download/ENCFF093YFN.bed.gz
iPSC_ESC,H1,ENCSR991BTY,Histone ChIP-seq,H3K4me1,histone;broad histone mark,Homo sapiens H1,"Joseph Costello, UCSF",0,3,0,,False,WTC11 data available for this target (H1/H9 fallback not used),ENCFF434PWT,pseudoreplicated peaks,True,1480212,f6d5363213e123a438336eb30cfa98ee,https://www.encodeproject.org/files/ENCFF434PWT/@@download/ENCFF434PWT.bed.gz
iPSC_ESC,H1,ENCSR858BOF,Histone ChIP-seq,H4K91ac,histone,Homo sapiens H1,"Bing Ren, UCSD",0,3,3,,True,,ENCFF964FVB,replicated peaks,True,1795796,acb32ba56159802ca3ee085f1bdf263f,https://www.encodeproject.org/files/ENCFF964FVB/@@download/ENCFF964FVB.bed.gz
iPSC_ESC,H1,ENCSR271TFS,Histone ChIP-seq,H3K4me1,histone;broad histone mark,Homo sapiens H1,"Bing Ren, UCSD",0,6,6,,False,WTC11 data available for this target (H1/H9 fallback not used),ENCFF694ENI,replicated peaks,True,3292624,8882b18f3df46a5594984cd8f58e29d3,https://www.encodeproject.org/files/ENCFF694ENI/@@download/ENCFF694ENI.bed.gz
iPSC_ESC,H1,ENCSR216OGD,Histone ChIP-seq,H3K27me3,histone;broad histone mark,Homo sapiens H1,"Bradley Bernstein, Broad",0,6,5,,False,WTC11 data available for this target (H1/H9 fallback not used),ENCFF084QDP,replicated peaks,True,587190,5c307e315624e6cc59a1722e5f3703c6,https://www.encodeproject.org/files/ENCFF084QDP/@@download/ENCFF084QDP.bed.gz
iPSC_ESC,H1,ENCSR161NON,Histone ChIP-seq,H2BK5ac,histone,Homo sapiens H1,"Bing Ren, UCSD",0,0,3,,True,,ENCFF068IZP,replicated peaks,True,3197276,b58eac18ef682d0876689146308618c5,https://www.encodeproject.org/files/ENCFF068IZP/@@download/ENCFF068IZP.bed.gz
iPSC_ESC,H1,ENCSR130EML,Histone ChIP-seq,H3K4ac,histone,Homo sapiens H1,"Bing Ren, UCSD",0,3,4,,True,,ENCFF711LQB,replicated peaks,True,926050,b0c01f8a21ebf9c5c5ec85161c5daaec,https://www.encodeproject.org/files/ENCFF711LQB/@@download/ENCFF711LQB.bed.gz
iPSC_ESC,H1,ENCSR441UHO,Histone ChIP-seq,H3K9ac,histone;narrow histone mark,Homo sapiens H1,"Bing Ren, UCSD",0,0,8,,True,,ENCFF806NNI,replicated peaks,True,840691,bf298c4a9119d9b1537adba17f68f092,https://www.encodeproject.org/files/ENCFF806NNI/@@download/ENCFF806NNI.bed.gz
iPSC_ESC,H1,ENCSR880SUY,Histone ChIP-seq,H3K27ac,histone;narrow histone mark,Homo sapiens H1,"Bing Ren, UCSD",0,2,11,,False,WTC11 data available for this target (H1/H9 fallback not used),ENCFF045CUG,replicated peaks,True,1659844,7da6ada83c8480d07cb8d8546d9544ae,https://www.encodeproject.org/files/ENCFF045CUG/@@download/ENCFF045CUG.bed.gz
iPSC_ESC,H1,ENCSR326NQF,Histone ChIP-seq,H3K23me2,histone,Homo sapiens H1,"Bing Ren, UCSD",0,0,3,,True,,ENCFF987CBQ,replicated peaks,True,1079224,8952511ad98afbc99d8a2873a2a24511,https://www.encodeproject.org/files/ENCFF987CBQ/@@download/ENCFF987CBQ.bed.gz
iPSC_ESC,H1,ENCSR815LBP,Histone ChIP-seq,H3K23ac,histone,Homo sapiens H1,"Bing Ren, UCSD",0,6,4,,True,,ENCFF851FNE,replicated peaks,True,123560,513a15751f9cf1ab5ab92bf0a8c04a7a,https://www.encodeproject.org/files/ENCFF851FNE/@@download/ENCFF851FNE.bed.gz
iPSC_ESC,H1,ENCSR928HYM,Histone ChIP-seq,H3K27me3,histone;broad histone mark,Homo sapiens H1,"Bing Ren, UCSD",0,6,7,,False,WTC11 data available for this target (H1/H9 fallback not used),ENCFF411ESN,replicated peaks,True,870766,0135aad0d23c2434304d7a56bb247a00,https://www.encodeproject.org/files/ENCFF411ESN/@@download/ENCFF411ESN.bed.gz
iPSC_ESC,H1,ENCSR848DUN,Histone ChIP-seq,H2BK120ac,histone,Homo sapiens H1,"Bing Ren, UCSD",0,0,7,,True,,ENCFF808BIC,replicated peaks,True,931525,89c663bf98809e8d576485ea50a9d83b,https://www.encodeproject.org/files/ENCFF808BIC/@@download/ENCFF808BIC.bed.gz
iPSC_ESC,H1,ENCSR814XPE,Histone ChIP-seq,H3K4me3,histone;narrow histone mark,Homo sapiens H1,"Bradley Bernstein, Broad",0,0,7,,False,WTC11 data available for this target (H1/H9 fallback not used),ENCFF456NIF,replicated peaks,True,1234758,49ecd7fab07b5571067915bec4930b44,https://www.encodeproject.org/files/ENCFF456NIF/@@download/ENCFF456NIF.bed.gz
iPSC_ESC,H1,ENCSR000ALU,Histone ChIP-seq,H3K27me3,histone;broad histone mark,Homo sapiens H1,"Bradley Bernstein, Broad",0,2,5,,False,WTC11 data available for this target (H1/H9 fallback not used),ENCFF305KNA,replicated peaks,True,642549,08b6f2fc3ca541ce606a3cfc8a23f337,https://www.encodeproject.org/files/ENCFF305KNA/@@download/ENCFF305KNA.bed.gz
iPSC_ESC,H1,ENCSR687FDK,Histone ChIP-seq,H3K27me3,histone;broad histone mark,Homo sapiens H1,"Joseph Costello, UCSF",1,2,2,,False,WTC11 data available for this target (H1/H9 fallback not used),ENCFF098JFF,pseudoreplicated peaks,True,1864680,ec56d3043d90793706bbab0dd0a1b377,https://www.encodeproject.org/files/ENCFF098JFF/@@download/ENCFF098JFF.bed.gz
iPSC_ESC,H1,ENCSR443YAS,Histone ChIP-seq,H3K4me3,histone;narrow histone mark,Homo sapiens H1,"Bing Ren, UCSD",1,0,15,,False,WTC11 data available for this target (H1/H9 fallback not used),ENCFF277AOQ,replicated peaks,True,1008088,e72e009300b950997ffe9fa2f9609e9d,https://www.encodeproject.org/files/ENCFF277AOQ/@@download/ENCFF277AOQ.bed.gz
iPSC_ESC,H1,ENCSR000ANB,Histone ChIP-seq,H3K36me3,histone;broad histone mark,Homo sapiens H1,"Bradley Bernstein, Broad",0,2,5,,False,WTC11 data available for this target (H1/H9 fallback not used),ENCFF504KOV,pseudoreplicated peaks,True,1512682,9d5c70f06a9b493863fc2f386eb08d27,https://www.encodeproject.org/files/ENCFF504KOV/@@download/ENCFF504KOV.bed.gz
iPSC_ESC,H1,ENCSR000ANA,Histone ChIP-seq,H3K4me1,histone;broad histone mark,Homo sapiens H1,"Bradley Bernstein, Broad",0,2,3,,False,WTC11 data available for this target (H1/H9 fallback not used),ENCFF984DGO,pseudoreplicated peaks,True,2750694,32a934308e6bcc63aee3454cebc41f49,https://www.encodeproject.org/files/ENCFF984DGO/@@download/ENCFF984DGO.bed.gz
iPSC_ESC,H1,ENCSR000ANP,Histone ChIP-seq,H3K27ac,histone;narrow histone mark,Homo sapiens H1,"Bradley Bernstein, Broad",0,0,5,,False,WTC11 data available for this target (H1/H9 fallback not used),ENCFF162HPV,replicated peaks,True,882658,bfaaa057948c687e7627d0ca301f3d2d,https://www.encodeproject.org/files/ENCFF162HPV/@@download/ENCFF162HPV.bed.gz
iPSC_ESC,H1,ENCSR000APZ,Histone ChIP-seq,H3K9me3,histone;broad histone mark,Homo sapiens H1,"Bradley Bernstein, Broad",0,1,7,,False,WTC11 data available for this target (H1/H9 fallback not used),ENCFF310CZV,pseudoreplicated peaks,True,1801077,ccb4864f66e9ffca50d2d65de8f6de85,https://www.encodeproject.org/files/ENCFF310CZV/@@download/ENCFF310CZV.bed.gz
iPSC_ESC,H9,ENCSR871MKQ,TF ChIP-seq,CTCF,transcription factor,Homo sapiens H9,"Bradley Bernstein, Broad",0,0,32,,False,WTC11 data available for this target (H1/H9 fallback not used),ENCFF101UJJ,conservative IDR thresholded peaks,True,1509759,d771fc0adad4fe80bdba5c8f8b7e90fc,https://www.encodeproject.org/files/ENCFF101UJJ/@@download/ENCFF101UJJ.bed.gz
iPSC_ESC,H9,ENCSR734NCK,Histone ChIP-seq,H2BK15ac,histone,Homo sapiens H9,"Bing Ren, UCSD",0,0,6,,True,,ENCFF264SLU,replicated peaks,True,103965,16612a59d993c554cd1aff49b2310110,https://www.encodeproject.org/files/ENCFF264SLU/@@download/ENCFF264SLU.bed.gz
iPSC_ESC,H9,ENCSR741FIA,Histone ChIP-seq,H2BK5ac,histone,Homo sapiens H9,"Bing Ren, UCSD",0,3,4,,True,,ENCFF267HLH,replicated peaks,True,416763,5a79c6b314cec8ad0c8daa4a2b236097,https://www.encodeproject.org/files/ENCFF267HLH/@@download/ENCFF267HLH.bed.gz
iPSC_ESC,H9,ENCSR230WNU,Histone ChIP-seq,H3K4ac,histone,Homo sapiens H9,"Bing Ren, UCSD",0,0,16,,True,,ENCFF649KWH,replicated peaks,True,64653,e00169fdff2bd081da8a574a0087ca63,https://www.encodeproject.org/files/ENCFF649KWH/@@download/ENCFF649KWH.bed.gz
iPSC_ESC,H9,ENCSR282SNG,Histone ChIP-seq,H3K23ac,histone,Homo sapiens H9,"Bing Ren, UCSD",0,2,6,,True,,ENCFF618YXI,replicated peaks,True,367140,578fce63740fbec35f10476044e319eb,https://www.encodeproject.org/files/ENCFF618YXI/@@download/ENCFF618YXI.bed.gz
iPSC_ESC,H9,ENCSR333LVY,Histone ChIP-seq,H2AK5ac,histone,Homo sapiens H9,"Bing Ren, UCSD",0,2,4,,True,,ENCFF007TWN,replicated peaks,True,221604,bd0707ae0f91203296225e4b6a756cc6,https://www.encodeproject.org/files/ENCFF007TWN/@@download/ENCFF007TWN.bed.gz
iPSC_ESC,H9,ENCSR716ZJH,Histone ChIP-seq,H3K4me3,histone;narrow histone mark,Homo sapiens H9 stably expressing HES5,"Bradley Bernstein, Broad",0,0,11,eGFP,False,WTC11 data available for this target (H1/H9 fallback not used),ENCFF758JOO,replicated peaks,True,1298609,e5445ae122ae34152df58a1cd35b72a5,https://www.encodeproject.org/files/ENCFF758JOO/@@download/ENCFF758JOO.bed.gz
iPSC_ESC,H9,ENCSR729NVN,Histone ChIP-seq,H4K20me1,histone;broad histone mark,Homo sapiens H9,"Bing Ren, UCSD",0,4,0,,True,,ENCFF067OSM,pseudoreplicated peaks,True,890478,e9e851ebd51c35e78d2e20678cfb963b,https://www.encodeproject.org/files/ENCFF067OSM/@@download/ENCFF067OSM.bed.gz
iPSC_ESC,H9,ENCSR280IFJ,Histone ChIP-seq,H3K79me1,histone,Homo sapiens H9,"Bing Ren, UCSD",0,3,14,,True,,ENCFF361FSJ,replicated peaks,True,365562,032b3fcb4b3d89213813ba560dca293f,https://www.encodeproject.org/files/ENCFF361FSJ/@@download/ENCFF361FSJ.bed.gz
iPSC_ESC,H9,ENCSR276HBK,Histone ChIP-seq,H3K4me1,histone;broad histone mark,Homo sapiens H9,"Bing Ren, UCSD",0,2,7,,False,WTC11 data available for this target (H1/H9 fallback not used),ENCFF123YZZ,replicated peaks,True,1866782,fca132b06763425202232f0f03123454,https://www.encodeproject.org/files/ENCFF123YZZ/@@download/ENCFF123YZZ.bed.gz
iPSC_ESC,H9,ENCSR879TAS,Histone ChIP-seq,H3K9ac,histone;narrow histone mark,Homo sapiens H9,"Bing Ren, UCSD",1,1,4,,True,,ENCFF385GUX,replicated peaks,True,801099,3374a1047bd5a6d9a648ff0c195301c0,https://www.encodeproject.org/files/ENCFF385GUX/@@download/ENCFF385GUX.bed.gz
iPSC_ESC,H9,ENCSR043VGU,Histone ChIP-seq,H3K4me3,histone;narrow histone mark,Homo sapiens H9,"Bing Ren, UCSD",1,2,6,,False,WTC11 data available for this target (H1/H9 fallback not used),ENCFF485ZIC,replicated peaks,True,1001021,97ffd9352d41acc22563d326c84bee47,https://www.encodeproject.org/files/ENCFF485ZIC/@@download/ENCFF485ZIC.bed.gz
iPSC_ESC,H9,ENCSR294WUR,Histone ChIP-seq,H3K18ac,histone,Homo sapiens H9,"Bing Ren, UCSD",0,3,7,,True,,ENCFF428KUR,replicated peaks,True,1022907,8d403e5c3733be73614ba2832e990f83,https://www.encodeproject.org/files/ENCFF428KUR/@@download/ENCFF428KUR.bed.gz
iPSC_ESC,H9,ENCSR047TJL,Histone ChIP-seq,H3K56ac,histone,Homo sapiens H9,"Bing Ren, UCSD",0,1,10,,True,,ENCFF014ZNA,replicated peaks,True,375594,f1c29d7bd570c710e6dd3b112c060f90,https://www.encodeproject.org/files/ENCFF014ZNA/@@download/ENCFF014ZNA.bed.gz
iPSC_ESC,H9,ENCSR730POX,Histone ChIP-seq,H3K4me2,histone;narrow histone mark,Homo sapiens H9,"Bing Ren, UCSD",0,2,4,,True,,ENCFF390EFC,replicated peaks,True,1819874,4984299cc18a50d142ad425953fd1009,https://www.encodeproject.org/files/ENCFF390EFC/@@download/ENCFF390EFC.bed.gz
iPSC_ESC,H9,ENCSR260OWP,Histone ChIP-seq,H2BK120ac,histone,Homo sapiens H9,"Bing Ren, UCSD",0,2,6,,True,,ENCFF201ADY,pseudoreplicated peaks,True,164532,97566f7d24dcc9545419aa553e181fdc,https://www.encodeproject.org/files/ENCFF201ADY/@@download/ENCFF201ADY.bed.gz
iPSC_ESC,H9,ENCSR554TZE,Histone ChIP-seq,H4K5ac,histone,Homo sapiens H9,"Bing Ren, UCSD",0,4,7,,True,,ENCFF993ETS,replicated peaks,True,586492,1ade62499dbdd80926086b3261a2296b,https://www.encodeproject.org/files/ENCFF993ETS/@@download/ENCFF993ETS.bed.gz
iPSC_ESC,H9,ENCSR516KSY,Histone ChIP-seq,H3K9me3,histone;broad histone mark,Homo sapiens H9 stably expressing HES5,"Bradley Bernstein, Broad",0,1,11,eGFP,False,WTC11 data available for this target (H1/H9 fallback not used),ENCFF125XCN,replicated peaks,True,908642,feb69ef414e55e2544b3e13ee0755f0c,https://www.encodeproject.org/files/ENCFF125XCN/@@download/ENCFF125XCN.bed.gz
iPSC_ESC,H9,ENCSR738BJJ,Histone ChIP-seq,H2BK12ac,histone,Homo sapiens H9,"Bing Ren, UCSD",0,3,5,,True,,ENCFF351CAW,replicated peaks,True,253553,bef906bcdd753dee11fe7cd4ed59bc8f,https://www.encodeproject.org/files/ENCFF351CAW/@@download/ENCFF351CAW.bed.gz
iPSC_ESC,H9,ENCSR972SMV,Histone ChIP-seq,H3K9me3,histone;broad histone mark,Homo sapiens H9,"Bing Ren, UCSD",0,2,6,,False,WTC11 data available for this target (H1/H9 fallback not used),ENCFF746VZE,pseudoreplicated peaks,True,1102840,5135bd2b01ef78040bf4fdee13cc5857,https://www.encodeproject.org/files/ENCFF746VZE/@@download/ENCFF746VZE.bed.gz
iPSC_ESC,H9,ENCSR324UNL,Histone ChIP-seq,H3K36me3,histone;broad histone mark,Homo sapiens H9,"Bing Ren, UCSD",0,7,2,,False,WTC11 data available for this target (H1/H9 fallback not used),ENCFF166DRH,replicated peaks,True,2188612,689771049b16ef652ad0b0b04d743196,https://www.encodeproject.org/files/ENCFF166DRH/@@download/ENCFF166DRH.bed.gz
iPSC_ESC,H9,ENCSR367JIO,Histone ChIP-seq,H4K8ac,histone,Homo sapiens H9,"Bing Ren, UCSD",0,4,6,,True,,ENCFF393FNY,replicated peaks,True,740731,62425708016ab8041b71f6e15afc25fb,https://www.encodeproject.org/files/ENCFF393FNY/@@download/ENCFF393FNY.bed.gz
iPSC_ESC,H9,ENCSR265EDV,Histone ChIP-seq,H2AFZ,histone;narrow histone mark,Homo sapiens H9,"Bing Ren, UCSD",0,0,6,,True,,ENCFF882KRL,pseudoreplicated peaks,True,364481,a4cd3756f0de9cec4fe0be9e177a853f,https://www.encodeproject.org/files/ENCFF882KRL/@@download/ENCFF882KRL.bed.gz
iPSC_ESC,H9,ENCSR792GCH,Histone ChIP-seq,H3K27me3,histone;broad histone mark,Homo sapiens H9,"Bing Ren, UCSD",0,2,7,,False,WTC11 data available for this target (H1/H9 fallback not used),ENCFF754EMX,replicated peaks,True,545050,81e541a7ddaf155c15911c013270d1e8,https://www.encodeproject.org/files/ENCFF754EMX/@@download/ENCFF754EMX.bed.gz
iPSC_ESC,H9,ENCSR846DXV,Histone ChIP-seq,H2BK20ac,histone,Homo sapiens H9,"Bing Ren, UCSD",0,2,6,,True,,ENCFF749UQE,pseudoreplicated peaks,True,130418,a4f37a12957db0bf56cd4685084599e6,https://www.encodeproject.org/files/ENCFF749UQE/@@download/ENCFF749UQE.bed.gz
iPSC_ESC,H9,ENCSR386WCR,Histone ChIP-seq,H4K91ac,histone,Homo sapiens H9,"Bing Ren, UCSD",0,2,11,,True,,ENCFF332EPM,replicated peaks,True,216763,a90caf7feaedde8fb1477aa3e013db59,https://www.encodeproject.org/files/ENCFF332EPM/@@download/ENCFF332EPM.bed.gz
iPSC_ESC,H9,ENCSR063WYJ,Histone ChIP-seq,H3K23me2,histone,Homo sapiens H9,"Bing Ren, UCSD",0,3,7,,True,,ENCFF656QDB,replicated peaks,True,1030164,e096279548a68f009e799cd77b6e48e5,https://www.encodeproject.org/files/ENCFF656QDB/@@download/ENCFF656QDB.bed.gz
iPSC_ESC,H9,ENCSR188GJE,Histone ChIP-seq,H3K79me2,histone;broad histone mark,Homo sapiens H9,"Bing Ren, UCSD",0,2,7,,True,,ENCFF096ZZK,replicated peaks,True,1253236,0d4b6fc53911951833854f6c21a94024,https://www.encodeproject.org/files/ENCFF096ZZK/@@download/ENCFF096ZZK.bed.gz
iPSC_ESC,H9,ENCSR876RGF,Histone ChIP-seq,H3K27ac,histone;narrow histone mark,Homo sapiens H9,"Bing Ren, UCSD",0,2,6,,False,WTC11 data available for this target (H1/H9 fallback not used),ENCFF835UOA,replicated peaks,True,756366,a933d539edaf13abb1b9bccb434e43af,https://www.encodeproject.org/files/ENCFF835UOA/@@download/ENCFF835UOA.bed.gz
iPSC_ESC,H9,ENCSR957GYL,Histone ChIP-seq,H3T11ph,histone,Homo sapiens H9,"Bing Ren, UCSD",0,0,6,,True,,ENCFF408HZN,pseudoreplicated peaks,True,124149,c9130e0e4f0dd932e24f4144436fbe2c,https://www.encodeproject.org/files/ENCFF408HZN/@@download/ENCFF408HZN.bed.gz
iPSC_ESC,H9,ENCSR754VAJ,Histone ChIP-seq,H3K27me3,histone;broad histone mark,Homo sapiens H9 stably expressing HES5,"Bradley Bernstein, Broad",0,4,13,eGFP,False,WTC11 data available for this target (H1/H9 fallback not used),ENCFF895YSF,replicated peaks,True,528683,5188d283d05136829cb81c3abc117725,https://www.encodeproject.org/files/ENCFF895YSF/@@download/ENCFF895YSF.bed.gz
iPSC_ESC,H9,ENCSR967HXD,Histone ChIP-seq,H3K4me1,histone;broad histone mark,Homo sapiens H9 stably expressing HES5,"Bradley Bernstein, Broad",0,1,12,eGFP,False,WTC11 data available for this target (H1/H9 fallback not used),ENCFF843HOM,replicated peaks,True,2197575,71fe050a17f91c3c6f9b6ca5b44703cd,https://www.encodeproject.org/files/ENCFF843HOM/@@download/ENCFF843HOM.bed.gz
iPSC_ESC,H9,ENCSR440BZV,Histone ChIP-seq,H3K14ac,histone,Homo sapiens H9,"Bing Ren, UCSD",0,1,5,,True,,ENCFF562CAI,replicated peaks,True,1267669,8f8ab580cc0a415330865adae95d02d4,https://www.encodeproject.org/files/ENCFF562CAI/@@download/ENCFF562CAI.bed.gz
iPSC_ESC,H9,ENCSR870IUC,Histone ChIP-seq,H3K36me3,histone;broad histone mark,Homo sapiens H9 stably expressing HES5,"Bradley Bernstein, Broad",0,2,15,eGFP,False,WTC11 data available for this target (H1/H9 fallback not used),ENCFF925HDQ,replicated peaks,True,903854,decd45a7f4c73d67454de7e5f66b2c6b,https://www.encodeproject.org/files/ENCFF925HDQ/@@download/ENCFF925HDQ.bed.gz
iPSC_ESC,H9,ENCSR725YWL,Mint-ChIP-seq,H3K27me3,histone;broad histone mark,Homo sapiens H9,"Bradley Bernstein, Broad",0,4,14,,False,WTC11 data available for this target (H1/H9 fallback not used),ENCFF523REH,pseudoreplicated peaks,True,8530806,72729e0e0db9ae8f8197cacc7c87240e,https://www.encodeproject.org/files/ENCFF523REH/@@download/ENCFF523REH.bed.gz
iPSC_ESC,H9,ENCSR526UWU,Mint-ChIP-seq,H3K4me3,histone;narrow histone mark,Homo sapiens H9,"Bradley Bernstein, Broad",0,0,10,,False,WTC11 data available for this target (H1/H9 fallback not used),ENCFF333CPF,pseudoreplicated peaks,True,2575780,6ff2234b5d52f12c2de38fcde20aa386,https://www.encodeproject.org/files/ENCFF333CPF/@@download/ENCFF333CPF.bed.gz
iPSC_ESC,H9,ENCSR134OWL,Mint-ChIP-seq,H3K9me3,histone;broad histone mark,Homo sapiens H9,"Bradley Bernstein, Broad",0,0,8,,False,WTC11 data available for this target (H1/H9 fallback not used),ENCFF073SPO,pseudoreplicated peaks,True,8873504,96bc4d0aee7636cf2a98d82d8a88b177,https://www.encodeproject.org/files/ENCFF073SPO/@@download/ENCFF073SPO.bed.gz
iPSC_ESC,H9,ENCSR352HOU,Mint-ChIP-seq,H3K4me1,histone;broad histone mark,Homo sapiens H9,"Bradley Bernstein, Broad",0,0,3,,False,WTC11 data available for this target (H1/H9 fallback not used),ENCFF994INF,pseudoreplicated peaks,True,10139365,0bf90cf63d225d715cd69445d5d5e5f6,https://www.encodeproject.org/files/ENCFF994INF/@@download/ENCFF994INF.bed.gz
iPSC_ESC,H9,ENCSR756IGI,Mint-ChIP-seq,H3K4me3,histone;narrow histone mark,Homo sapiens H9,"Bradley Bernstein, Broad",0,0,9,,False,WTC11 data available for this target (H1/H9 fallback not used),ENCFF464FFZ,pseudoreplicated peaks,True,1338195,4f2c7557c814c4b82175b175a4fc21c8,https://www.encodeproject.org/files/ENCFF464FFZ/@@download/ENCFF464FFZ.bed.gz
iPSC_ESC,H9,ENCSR642ONO,Mint-ChIP-seq,H3K27ac,histone;narrow histone mark,Homo sapiens H9,"Bradley Bernstein, Broad",0,0,11,,False,WTC11 data available for this target (H1/H9 fallback not used),ENCFF997MGG,pseudoreplicated peaks,True,6840415,f742623916f651bf374046000019587d,https://www.encodeproject.org/files/ENCFF997MGG/@@download/ENCFF997MGG.bed.gz
iPSC_ESC,H9,ENCSR723DSG,Mint-ChIP-seq,H3K36me3,histone;broad histone mark,Homo sapiens H9,"Bradley Bernstein, Broad",0,1,4,,False,WTC11 data available for this target (H1/H9 fallback not used),ENCFF783MHY,pseudoreplicated peaks,True,7907515,30b0ffee6813562b4c3a3d51a596de29,https://www.encodeproject.org/files/ENCFF783MHY/@@download/ENCFF783MHY.bed.gz
iPSC_ESC,H9,ENCSR372FFA,Mint-ChIP-seq,H3K27ac,histone;narrow histone mark,Homo sapiens H9,"Bradley Bernstein, Broad",0,0,3,,False,WTC11 data available for this target (H1/H9 fallback not used),ENCFF365GJO,pseudoreplicated peaks,True,5575538,d3d7f576f041fcf20212bfc318bc49cc,https://www.encodeproject.org/files/ENCFF365GJO/@@download/ENCFF365GJO.bed.gz
iPSC_ESC,H9,ENCSR373TMA,Mint-ChIP-seq,H3K27me3,histone;broad histone mark,Homo sapiens H9,"Bradley Bernstein, Broad",0,0,11,,False,WTC11 data available for this target (H1/H9 fallback not used),ENCFF214VRN,pseudoreplicated peaks,True,5427924,cc43fab12fe282ce692b2eeed089f543,https://www.encodeproject.org/files/ENCFF214VRN/@@download/ENCFF214VRN.bed.gz
iPSC_ESC,H9,ENCSR341WEF,Mint-ChIP-seq,H3K36me3,histone;broad histone mark,Homo sapiens H9,"Bradley Bernstein, Broad",0,0,8,,False,WTC11 data available for this target (H1/H9 fallback not used),ENCFF830UKK,pseudoreplicated peaks,True,7684520,f32b537cceb2563521e3ec4c3a339b16,https://www.encodeproject.org/files/ENCFF830UKK/@@download/ENCFF830UKK.bed.gz
iPSC_ESC,H9,ENCSR613OZR,Mint-ChIP-seq,H3K9me3,histone;broad histone mark,Homo sapiens H9,"Bradley Bernstein, Broad",0,0,4,,False,WTC11 data available for this target (H1/H9 fallback not used),ENCFF878IPQ,pseudoreplicated peaks,True,7188788,ec16b4dab1b8c63873565bd110489272,https://www.encodeproject.org/files/ENCFF878IPQ/@@download/ENCFF878IPQ.bed.gz
iPSC_ESC,H9,ENCSR419UJI,Mint-ChIP-seq,H3K4me1,histone;broad histone mark,Homo sapiens H9,"Bradley Bernstein, Broad",0,0,7,,False,WTC11 data available for this target (H1/H9 fallback not used),ENCFF227QLW,pseudoreplicated peaks,True,10107591,7d02404028bd65d17f00d3b9017eb807,https://www.encodeproject.org/files/ENCFF227QLW/@@download/ENCFF227QLW.bed.gz
iPSC_ESC,H9,ENCSR016RFN,Mint-ChIP-seq,H3K27me3,histone;broad histone mark,Homo sapiens H9,"Bradley Bernstein, Broad",0,2,6,,False,WTC11 data available for this target (H1/H9 fallback not used),ENCFF434DBP,pseudoreplicated peaks,True,6998063,1d0a0859c07217fab84a7dbff2917583,https://www.encodeproject.org/files/ENCFF434DBP/@@download/ENCFF434DBP.bed.gz
iPSC_ESC,H9,ENCSR294RPI,Mint-ChIP-seq,H3K4me3,histone;narrow histone mark,Homo sapiens H9,"Bradley Bernstein, Broad",0,1,4,,False,WTC11 data available for this target (H1/H9 fallback not used),ENCFF576FPT,pseudoreplicated peaks,True,863077,eededeacf22606d1169c326fc26d4cde,https://www.encodeproject.org/files/ENCFF576FPT/@@download/ENCFF576FPT.bed.gz
iPSC_ESC,H9,ENCSR619HSD,Mint-ChIP-seq,H3K9me3,histone;broad histone mark,Homo sapiens H9,"Bradley Bernstein, Broad",0,0,6,,False,WTC11 data available for this target (H1/H9 fallback not used),ENCFF305RWK,pseudoreplicated peaks,True,7135778,33170b2ffffdd82321136742621a3411,https://www.encodeproject.org/files/ENCFF305RWK/@@download/ENCFF305RWK.bed.gz
iPSC_ESC,H9,ENCSR681HPO,Mint-ChIP-seq,H3K36me3,histone;broad histone mark,Homo sapiens H9,"Bradley Bernstein, Broad",0,0,4,,False,WTC11 data available for this target (H1/H9 fallback not used),ENCFF267AKB,pseudoreplicated peaks,True,7045940,171554ac3f631d6038375c8274e66ef3,https://www.encodeproject.org/files/ENCFF267AKB/@@download/ENCFF267AKB.bed.gz
iPSC_ESC,H9,ENCSR998ZMN,Mint-ChIP-seq,H3K27ac,histone;narrow histone mark,Homo sapiens H9,"Bradley Bernstein, Broad",0,0,3,,False,WTC11 data available for this target (H1/H9 fallback not used),ENCFF317ITN,pseudoreplicated peaks,True,5854881,59e9639bda06c59adb756e3029ee490f,https://www.encodeproject.org/files/ENCFF317ITN/@@download/ENCFF317ITN.bed.gz
iPSC_ESC,H9,ENCSR243FOM,Mint-ChIP-seq,H3K4me1,histone;broad histone mark,Homo sapiens H9,"Bradley Bernstein, Broad",0,0,3,,False,WTC11 data available for this target (H1/H9 fallback not used),ENCFF915DGQ,pseudoreplicated peaks,True,10628687,3226fa4dcfc648723eb0b7d6b391c323,https://www.encodeproject.org/files/ENCFF915DGQ/@@download/ENCFF915DGQ.bed.gz
