effect_sign,background,target,assay,pos_overlap,pos_total,pos_frac,bg_overlap,bg_total,bg_frac,odds_ratio,p_value,FDR,log2_OR
neg,powered,POLR2AphosphoS5,TF ChIP-seq,23,47,0.48936170212765956,63,476,0.1323529411764706,6.282407407407407,4.1027793226935173e-08,6.5234191230826925e-06,2.642937839961538
neg,powered,TAF7,TF ChIP-seq,16,47,0.3404255319148936,29,476,0.06092436974789916,7.955506117908787,1.40730945599231e-07,1.1188110175138864e-05,2.9902150186483145
neg,powered,H4K91ac,Histone ChIP-seq,10,47,0.2127659574468085,12,476,0.025210084033613446,10.45045045045045,3.8140616142707743e-06,0.00020214526555635103,3.379177328890808
neg,powered,NFATC4,TF ChIP-seq,9,47,0.19148936170212766,10,476,0.02100840336134454,11.036842105263158,8.37175765442274e-06,0.0003327773667633039,3.454556820821683
neg,powered,POLR2A,TF ChIP-seq,21,47,0.44680851063829785,77,476,0.16176470588235295,4.185314685314685,1.4965500097962648e-05,0.0004759029031152122,2.064271587792638
neg,powered,ZNF416,TF ChIP-seq,10,47,0.2127659574468085,17,476,0.03571428571428571,7.297297297297297,3.524942318596275e-05,0.0009341097144280129,2.8781367666269477
neg,powered,SIN3A,TF ChIP-seq,24,47,0.5106382978723404,110,476,0.23109243697478993,3.4719367588932806,8.363817607640061e-05,0.0018997814280210998,1.7898878211799512
neg,powered,ZNF671,TF ChIP-seq,6,47,0.1276595744680851,6,476,0.012605042016806723,11.463414634146341,0.00023545689487194886,0.0037437646284639867,3.5030114813816122
neg,powered,ZNF425,TF ChIP-seq,5,47,0.10638297872340426,3,476,0.0063025210084033615,18.76984126984127,0.00021771653531999516,0.0037437646284639867,4.129906375910377
neg,powered,H3K4ac,Histone ChIP-seq,6,47,0.1276595744680851,6,476,0.012605042016806723,11.463414634146341,0.00023545689487194886,0.0037437646284639867,3.5030114813816122
neg,powered,H3K9ac,Histone ChIP-seq,21,47,0.44680851063829785,98,476,0.20588235294117646,3.1153846153846154,0.00043289398640588477,0.0062572858035032436,1.640441970668254
neg,powered,TCF12,TF ChIP-seq,14,47,0.2978723404255319,49,476,0.10294117647058823,3.696969696969697,0.00048322506631223787,0.006402732128637152,1.9023157943634503
neg,powered,MYC,TF ChIP-seq,10,47,0.2127659574468085,26,476,0.0546218487394958,4.6777546777546775,0.0005683373212666084,0.006951202621645442,2.250961573533219
neg,powered,H2BK5ac,Histone ChIP-seq,33,47,0.7021276595744681,209,476,0.43907563025210083,3.011278195488722,0.0006503078139983478,0.007385638744695522,1.560696842919358
neg,powered,TAF1,TF ChIP-seq,19,47,0.40425531914893614,84,476,0.17647058823529413,3.1666666666666665,0.0007420778171011847,0.007866024861272558,1.6681816121943116
neg,powered,H3K18ac,Histone ChIP-seq,23,47,0.48936170212765956,118,476,0.24789915966386555,2.9074858757062145,0.0008430998118685967,0.00837830438044418,1.5369650673660749
neg,powered,H4K5ac,Histone ChIP-seq,21,47,0.44680851063829785,106,476,0.22268907563025211,2.8193033381712627,0.0012111181539609963,0.010135146656831495,1.4969644122188943
neg,powered,H2AK5ac,Histone ChIP-seq,24,47,0.5106382978723404,129,476,0.2710084033613445,2.806875631951466,0.001160092535198012,0.010135146656831495,1.4841818723618867
neg,powered,ZNF281,TF ChIP-seq,12,47,0.2553191489361702,41,476,0.0861344537815126,3.637630662020906,0.001152517036044039,0.010135146656831495,1.8855985475219825
neg,powered,ERG,TF ChIP-seq,6,47,0.1276595744680851,10,476,0.02100840336134454,6.819512195121951,0.001539651383176311,0.012240228496251672,2.798816134867166
neg,powered,H2BK120ac,Histone ChIP-seq,14,47,0.2978723404255319,57,476,0.11974789915966387,3.1185539606592236,0.002553651811254264,0.019334792285210855,1.6589287541652478
neg,powered,PRRX2,TF ChIP-seq,5,47,0.10638297872340426,8,476,0.01680672268907563,6.964285714285714,0.003530110001328924,0.025513067736877223,2.834483078908443
neg,powered,H3K14ac,Histone ChIP-seq,21,47,0.44680851063829785,117,476,0.24579831932773108,2.478303747534517,0.004949345363173968,0.034215039684550475,1.311675314013197
neg,powered,EMX1,TF ChIP-seq,6,47,0.1276595744680851,14,476,0.029411764705882353,4.829268292682927,0.00562350860492652,0.037255744507638196,2.32072884707027
neg,powered,EGR1,TF ChIP-seq,10,47,0.2127659574468085,39,476,0.0819327731092437,3.0284130284130284,0.00737483116987625,0.04509992907732015,1.6328571908254677
neg,powered,CREB1,TF ChIP-seq,5,47,0.10638297872340426,10,476,0.02100840336134454,5.5476190476190474,0.007166770428916785,0.04509992907732015,2.523456530572594
neg,powered,BRCA1,TF ChIP-seq,4,47,0.0851063829787234,6,476,0.012605042016806723,7.286821705426356,0.008066779122179917,0.04750436594172618,2.9045927001810288
neg,powered,AFF4,TF ChIP-seq,5,47,0.10638297872340426,11,476,0.023109243697478993,5.032467532467533,0.009724551813344275,0.053317370286956545,2.389116084001376
neg,powered,AR,TF ChIP-seq,5,47,0.10638297872340426,11,476,0.023109243697478993,5.032467532467533,0.009724551813344275,0.053317370286956545,2.389116084001376
neg,powered,H2AFZ,Histone ChIP-seq,9,47,0.19148936170212766,183,476,0.38445378151260506,0.37920621225194134,0.010463431718092171,0.0554561881058885,-1.3412785869844763
neg,powered,NRF1,TF ChIP-seq,6,47,0.1276595744680851,17,476,0.03571428571428571,3.951219512195122,0.011860391200423525,0.060832329060236785,2.0400383211382356
neg,powered,CHD1,TF ChIP-seq,7,47,0.14893617021276595,23,476,0.04831932773109244,3.4467391304347825,0.01238731591802789,0.06154947596770107,1.837410481574779
neg,powered,GTF2F1,TF ChIP-seq,5,47,0.10638297872340426,12,476,0.025210084033613446,4.603174603174603,0.012852410705543575,0.061925251581255406,2.2657192791075236
neg,powered,SP4,TF ChIP-seq,9,47,0.19148936170212766,37,476,0.07773109243697479,2.810099573257468,0.014950997945297938,0.06991790215595212,1.5320416373962074
neg,powered,ZBTB43,TF ChIP-seq,10,47,0.2127659574468085,41,476,0.0861344537815126,2.867501647989453,0.01629682273623912,0.07134879434920105,1.5549882095348193
neg,powered,E2F4,TF ChIP-seq,5,47,0.10638297872340426,13,476,0.0273109243697479,4.23992673992674,0.016603178559248043,0.07134879434920105,2.1515787089616576
neg,powered,H3K27me3,Histone ChIP-seq,4,47,0.0851063829787234,113,476,0.23739495798319327,0.2988269191191603,0.016178007950534923,0.07134879434920105,-1.5937554277777364
neg,powered,JUND,TF ChIP-seq,10,47,0.2127659574468085,42,476,0.08823529411764706,2.7927927927927927,0.017193745177912133,0.0719422495602113,1.5173201629595778
neg,powered,ZMAT4,TF ChIP-seq,3,47,0.06382978723404255,4,476,0.008403361344537815,8.045454545454545,0.01844045735922635,0.07518032615684589,3.045867008757329
neg,powered,CTCF,TF ChIP-seq,22,47,0.46808510638297873,141,476,0.296218487394958,2.0907801418439718,0.020257319132540134,0.08052284355184704,1.0649384677264802
neg,powered,FOXP1,TF ChIP-seq,12,47,0.2553191489361702,58,476,0.12184873949579832,2.470935960591133,0.02158588737918133,0.08371112422658125,1.3328281632369818
neg,powered,TP53,TF ChIP-seq,7,47,0.14893617021276595,27,476,0.05672268907563025,2.910185185185185,0.024667823816390544,0.09233430527636834,1.5978581847136815
neg,powered,TBP,TF ChIP-seq,17,47,0.3617021276595745,98,476,0.20588235294117646,2.1857142857142855,0.024970912747697097,0.09233430527636834,1.1406433499114357
neg,powered,BACH1,TF ChIP-seq,10,47,0.2127659574468085,48,476,0.10084033613445378,2.40990990990991,0.027776435336585272,0.1003739367844786,1.3067372842082516
neg,powered,NFE2L1,TF ChIP-seq,9,47,0.19148936170212766,39,476,0.0819327731092437,2.6538461538461537,0.028420197731957586,0.10041803198625014,1.4504994312912725
neg,powered,H3K56ac,Histone ChIP-seq,5,47,0.10638297872340426,16,476,0.03361344537815126,3.4226190476190474,0.032039461783786215,0.10188548847244017,1.8527039092324777
neg,powered,KAT7,TF ChIP-seq,6,47,0.1276595744680851,22,476,0.046218487394957986,3.0199556541019956,0.03116154840048425,0.10188548847244017,1.6616836746586
neg,powered,PHF8,TF ChIP-seq,11,47,0.23404255319148937,53,476,0.11134453781512606,2.438679245283019,0.031887319142272996,0.10188548847244017,1.3184885701080473
neg,powered,H2BK12ac,Histone ChIP-seq,28,47,0.5957446808510638,201,476,0.4222689075630252,2.0162346163917255,0.030130793118401816,0.10188548847244017,0.9987602753456836
neg,powered,MXI1,TF ChIP-seq,6,47,0.1276595744680851,22,476,0.046218487394957986,3.0199556541019956,0.03116154840048425,0.10188548847244017,1.6616836746586
neg,powered,E2F5,TF ChIP-seq,9,47,0.19148936170212766,42,476,0.08823529411764706,2.4473684210526314,0.03528079402145896,0.10999306371396028,1.3349624034253824
neg,powered,SRF,TF ChIP-seq,4,47,0.0851063829787234,11,476,0.023109243697478993,3.9323467230443976,0.03738428073796712,0.11007593772845874,2.066056907095365
neg,powered,CBFB,TF ChIP-seq,4,47,0.0851063829787234,11,476,0.023109243697478993,3.9323467230443976,0.03738428073796712,0.11007593772845874,2.066056907095365
neg,powered,ZNF532,TF ChIP-seq,4,47,0.0851063829787234,11,476,0.023109243697478993,3.9323467230443976,0.03738428073796712,0.11007593772845874,2.066056907095365
neg,powered,E2F6,TF ChIP-seq,16,47,0.3404255319148936,96,476,0.20168067226890757,2.043010752688172,0.03865600124756517,0.11175098542477932,1.046409802094002
neg,powered,SAP30,TF ChIP-seq,6,47,0.1276595744680851,24,476,0.05042016806722689,2.7560975609756095,0.04269266981093425,0.12121668749890262,1.532464424649527
neg,powered,ZNF232,TF ChIP-seq,8,47,0.1702127659574468,35,476,0.07352941176470588,2.5846153846153848,0.043959826268810634,0.12262477853931388,1.4202046012170204
neg,powered,CHD2,TF ChIP-seq,8,47,0.1702127659574468,36,476,0.07563025210084033,2.507122507122507,0.04660546187269546,0.12776324892687205,1.3768557431136328
neg,powered,TCF7,TF ChIP-seq,4,47,0.0851063829787234,13,476,0.0273109243697479,3.3130590339892665,0.05698935335611252,0.15358147768850663,1.8285195320556464
neg,powered,H3K23me2,Histone ChIP-seq,16,47,0.3404255319148936,103,476,0.21638655462184875,1.8690886313811463,0.06698516489430834,0.1751680425213189,0.9185916711484489
neg,powered,H3K23ac,Histone ChIP-seq,3,47,0.06382978723404255,8,476,0.01680672268907563,3.9886363636363638,0.0672028339232733,0.1751680425213189,2.116063887500054
neg,powered,ZNF184,TF ChIP-seq,7,47,0.14893617021276595,32,476,0.06722689075630252,2.428125,0.07146281368981411,0.18326753833355552,1.3407123885252095
neg,powered,H4K20me1,Histone ChIP-seq,5,47,0.10638297872340426,21,476,0.04411764705882353,2.5793650793650795,0.07340384050680032,0.18525731175525795,1.4550831715995483
neg,powered,H2BK15ac,Histone ChIP-seq,17,47,0.3617021276595745,113,476,0.23739495798319327,1.820353982300885,0.0756890310220159,0.18803993644532077,0.8778087460107595
neg,powered,E2F1,TF ChIP-seq,4,47,0.0851063829787234,15,476,0.031512605042016806,2.8589147286821706,0.08119592398117519,0.19861772173856698,1.622972032852483
neg,powered,H3K27ac,Histone ChIP-seq,27,47,0.574468085106383,207,476,0.43487394957983194,1.7543478260869565,0.08988425406633103,0.21653933934161568,0.8009816454247942
neg,powered,RAD21,TF ChIP-seq,26,47,0.5531914893617021,202,476,0.42436974789915966,1.6793965110796794,0.09262721100067592,0.21700849393819072,0.7405399410943129
neg,powered,CREM,TF ChIP-seq,7,47,0.14893617021276595,36,476,0.07563025210084033,2.138888888888889,0.09280866407419477,0.21700849393819072,1.16021424276429
neg,powered,H4K8ac,Histone ChIP-seq,5,47,0.10638297872340426,23,476,0.04831932773109244,2.3447204968944098,0.09563000227608007,0.2203647878535758,1.3204105713504808
neg,powered,SP1,TF ChIP-seq,15,47,0.3191489361702128,101,476,0.21218487394957983,1.7404084158415842,0.0992144480839938,0.2253585320765002,0.8191616776875162
neg,powered,ZNF263,TF ChIP-seq,6,47,0.1276595744680851,28,476,0.058823529411764705,2.341463414634146,0.10954139213107836,0.24297370924975908,1.301474447548687
neg,powered,FOXK1,TF ChIP-seq,10,47,0.2127659574468085,59,476,0.12394957983193278,1.9102153000458084,0.1100258306036645,0.24297370924975908,0.9743133563363504
neg,powered,YY1,TF ChIP-seq,14,47,0.2978723404255319,96,476,0.20168067226890757,1.6792929292929293,0.13399780935688677,0.29185824229787666,0.7711874109052648
neg,powered,H3K4me1,Histone ChIP-seq,36,47,0.7659574468085106,311,476,0.6533613445378151,1.7363344051446945,0.1453975022257258,0.31240814667419464,0.7538616566062202
neg,powered,REST,TF ChIP-seq,2,47,0.0425531914893617,6,476,0.012605042016806723,3.4814814814814814,0.15626338495824527,0.3269194501100131,1.9917446492761106
neg,powered,EP300,TF ChIP-seq,2,47,0.0425531914893617,6,476,0.012605042016806723,3.4814814814814814,0.15626338495824527,0.3269194501100131,1.9917446492761106
neg,powered,RBBP5,TF ChIP-seq,12,47,0.2553191489361702,81,476,0.17016806722689076,1.6719576719576719,0.16107120869455724,0.33260158678486496,0.772914800511757
neg,powered,ARID4B,TF ChIP-seq,7,47,0.14893617021276595,39,476,0.0819327731092437,1.9608974358974358,0.1694540719237122,0.33263206710950916,1.036399051266482
neg,powered,NR3C1,TF ChIP-seq,3,47,0.06382978723404255,13,476,0.0273109243697479,2.4283216783216783,0.16626959104174577,0.33263206710950916,1.4331595175532685
neg,powered,MYBL2,TF ChIP-seq,7,47,0.14893617021276595,39,476,0.0819327731092437,1.9608974358974358,0.1694540719237122,0.33263206710950916,1.036399051266482
neg,powered,H3T11ph,Histone ChIP-seq,3,47,0.06382978723404255,13,476,0.0273109243697479,2.4283216783216783,0.16626959104174577,0.33263206710950916,1.4331595175532685
neg,powered,ZNF121,TF ChIP-seq,7,47,0.14893617021276595,41,476,0.0861344537815126,1.8567073170731707,0.18004028925167032,0.34910251208555587,0.9585300699758337
neg,powered,KDM1A,TF ChIP-seq,8,47,0.1702127659574468,49,476,0.10294117647058823,1.7875457875457876,0.21458159265267307,0.41106594255150625,0.8941060827668871
neg,powered,MAX,TF ChIP-seq,15,47,0.3191489361702128,114,476,0.23949579831932774,1.488486842105263,0.21989100777693021,0.4162222647206179,0.5944618941637737
neg,powered,RFX5,TF ChIP-seq,2,47,0.0425531914893617,8,476,0.01680672268907563,2.6,0.22422080937118452,0.4194248081178628,1.5985758510975134
neg,powered,USF2,TF ChIP-seq,8,47,0.1702127659574468,55,476,0.11554621848739496,1.5701631701631702,0.24809122659849042,0.45340810378344804,0.7086550476652127
neg,powered,SIRT6,TF ChIP-seq,1,47,0.02127659574468085,2,476,0.004201680672268907,5.1521739130434785,0.24652475419641273,0.45340810378344804,2.614139871746872
neg,powered,MLX,TF ChIP-seq,2,47,0.0425531914893617,9,476,0.018907563025210083,2.3061728395061727,0.2591136928040538,0.45776752395382836,1.4350284960200796
neg,powered,USF1,TF ChIP-seq,9,47,0.19148936170212766,61,476,0.12815126050420167,1.6113028472821398,0.2583424945308107,0.45776752395382836,0.7373311341797888
neg,powered,JUN,TF ChIP-seq,4,47,0.0851063829787234,20,476,0.04201680672268908,2.1209302325581394,0.2587277574869141,0.45776752395382836,1.2039005509597225
neg,powered,TEAD1,TF ChIP-seq,9,47,0.19148936170212766,65,476,0.13655462184873948,1.4975708502024292,0.2795190080666615,0.48631215926085786,0.6324665916328597
neg,powered,H3K4me2,Histone ChIP-seq,28,47,0.5957446808510638,240,476,0.5042016806722689,1.449122807017544,0.2844467346620112,0.48631215926085786,0.5232910848718465
neg,powered,H3K4me3,Histone ChIP-seq,26,47,0.5531914893617021,220,476,0.46218487394957986,1.4406926406926408,0.2837422615096459,0.48631215926085786,0.5198358699106347
neg,powered,H3K36me3,Histone ChIP-seq,7,47,0.14893617021276595,46,476,0.09663865546218488,1.6358695652173914,0.30570941370132254,0.5116610187211609,0.7777512090127064
neg,powered,ZBTB33,TF ChIP-seq,4,47,0.0851063829787234,24,476,0.05042016806722689,1.751937984496124,0.3036145629458397,0.5116610187211609,0.9340456434489436
neg,powered,TRERF1,TF ChIP-seq,1,47,0.02127659574468085,3,476,0.0063025210084033615,3.427536231884058,0.3146273244901985,0.5211015061868912,2.1256693830239057
neg,powered,ATF1,TF ChIP-seq,2,47,0.0425531914893617,11,476,0.023109243697478993,1.878787878787879,0.32895055228706804,0.5283145233701396,1.153208856190447
neg,powered,ZNF138,TF ChIP-seq,2,47,0.0425531914893617,11,476,0.023109243697478993,1.878787878787879,0.32895055228706804,0.5283145233701396,1.153208856190447
neg,powered,ZNF512,TF ChIP-seq,2,47,0.0425531914893617,11,476,0.023109243697478993,1.878787878787879,0.32895055228706804,0.5283145233701396,1.153208856190447
neg,powered,STAT6,TF ChIP-seq,1,47,0.02127659574468085,4,476,0.008403361344537815,2.5652173913043477,0.37669382882345614,0.5864162911432461,1.7600492072792475
neg,powered,SIX4,TF ChIP-seq,5,47,0.10638297872340426,33,476,0.06932773109243698,1.598124098124098,0.3711815382372786,0.5864162911432461,0.7767417863428869
neg,powered,ZBTB21,TF ChIP-seq,5,47,0.10638297872340426,34,476,0.07142857142857142,1.5476190476190477,0.37987973577203993,0.5864162911432461,0.7310498706917863
neg,powered,FOSL1,TF ChIP-seq,1,47,0.02127659574468085,4,476,0.008403361344537815,2.5652173913043477,0.37669382882345614,0.5864162911432461,1.7600492072792475
neg,powered,PRDM15,TF ChIP-seq,5,47,0.10638297872340426,35,476,0.07352941176470588,1.5,0.38954328154025486,0.593866803545305,0.6865631906433795
neg,powered,POU5F1,TF ChIP-seq,0,47,0.0,18,476,0.037815126050420166,0.0,0.3921761910204844,0.593866803545305,-1.9385310503648432
neg,powered,NR1H2,TF ChIP-seq,1,47,0.02127659574468085,5,476,0.01050420168067227,2.0478260869565217,0.43324863586071,0.6319865422188339,1.4674860316509242
neg,powered,ETV6,TF ChIP-seq,10,47,0.2127659574468085,81,476,0.17016806722689076,1.3179846513179847,0.42634749161085644,0.6319865422188339,0.44230446252459377
neg,powered,ATF3,TF ChIP-seq,1,47,0.02127659574468085,5,476,0.01050420168067227,2.0478260869565217,0.43324863586071,0.6319865422188339,1.4674860316509242
neg,powered,TEAD4,TF ChIP-seq,3,47,0.06382978723404255,18,476,0.037815126050420166,1.7348484848484849,0.42282120309355986,0.6319865422188339,0.962946049057311
neg,powered,IRF2,TF ChIP-seq,1,47,0.02127659574468085,6,476,0.012605042016806723,1.7028985507246377,0.4847714871461,0.6944024005065758,1.2234148842005694
neg,powered,PREB,TF ChIP-seq,1,47,0.02127659574468085,6,476,0.012605042016806723,1.7028985507246377,0.4847714871461,0.6944024005065758,1.2234148842005694
neg,powered,H3K79me1,Histone ChIP-seq,4,47,0.0851063829787234,28,476,0.058823529411764705,1.4883720930232558,0.5169095432498343,0.7209527840063479,0.7030556663481036
neg,powered,CTBP2,TF ChIP-seq,4,47,0.0851063829787234,27,476,0.05672268907563025,1.5469422911283377,0.5103845834965254,0.7209527840063479,0.7577990975833718
neg,powered,ESRRA,TF ChIP-seq,4,47,0.0851063829787234,28,476,0.058823529411764705,1.4883720930232558,0.5169095432498343,0.7209527840063479,0.7030556663481036
neg,powered,KDM5A,TF ChIP-seq,1,47,0.02127659574468085,7,476,0.014705882352941176,1.4565217391304348,0.5317012160300794,0.7351347247720228,1.0138944416583808
neg,powered,HMGXB4,TF ChIP-seq,11,47,0.23404255319148937,92,476,0.19327731092436976,1.2753623188405796,0.5634426186488521,0.772304968665237,0.38919572462251
neg,powered,HMGA2,TF ChIP-seq,1,47,0.02127659574468085,8,476,0.01680672268907563,1.2717391304347827,0.5744391633050043,0.7740324319109805,0.8302460860219723
neg,powered,ATF2,TF ChIP-seq,1,47,0.02127659574468085,8,476,0.01680672268907563,1.2717391304347827,0.5744391633050043,0.7740324319109805,0.8302460860219723
neg,powered,SIX5,TF ChIP-seq,0,47,0.0,11,476,0.023109243697478993,0.0,0.6103375169681543,0.8154929848566096,-1.2307802068291671
neg,powered,GABPB1,TF ChIP-seq,6,47,0.1276595744680851,49,476,0.10294117647058823,1.2752613240418118,0.6165584715868394,0.8169399748525622,0.435824276487818
neg,powered,ZKSCAN8,TF ChIP-seq,2,47,0.0425531914893617,13,476,0.0273109243697479,1.5829059829059828,0.6357947606449145,0.8354658425003421,0.9156714811507283
neg,powered,ZNF317,TF ChIP-seq,2,47,0.0425531914893617,14,476,0.029411764705882353,1.4666666666666666,0.6466922402476653,0.8428202147490063,0.8094620149647686
neg,powered,KDM4A,TF ChIP-seq,8,47,0.1702127659574468,98,476,0.20588235294117646,0.7912087912087912,0.7042335529433947,0.8965410222625791,-0.2742202363974082
neg,powered,GTF2I,TF ChIP-seq,1,47,0.02127659574468085,21,476,0.04411764705882353,0.47101449275362317,0.7100627384589469,0.8965410222625791,-0.5491538212869224
neg,powered,NR2C2,TF ChIP-seq,1,47,0.02127659574468085,20,476,0.04201680672268908,0.4956521739130435,0.7104664704722325,0.8965410222625791,-0.4772772650207368
neg,powered,OTX2,TF ChIP-seq,2,47,0.0425531914893617,18,476,0.037815126050420166,1.1308641975308642,0.6984775044462386,0.8965410222625791,0.4454580126547706
neg,powered,H3K79me2,Histone ChIP-seq,4,47,0.0851063829787234,33,476,0.06932773109243698,1.2487667371388302,0.7630581658491237,0.9553247903150446,0.4536826094368756
neg,powered,GABPA,TF ChIP-seq,4,47,0.0851063829787234,35,476,0.07352941176470588,1.172093023255814,0.7695364457030489,0.955908553646756,0.36350401373736796
neg,powered,CEBPB,TF ChIP-seq,5,47,0.10638297872340426,43,476,0.09033613445378151,1.1987818383167221,0.7896386332673848,0.9657887899193398,0.3669853698727021
neg,powered,EZH2,TF ChIP-seq,3,47,0.06382978723404255,43,476,0.09033613445378151,0.6865750528541226,0.7868449008342175,0.9657887899193398,-0.35143382153568703
neg,powered,ZNF423,TF ChIP-seq,4,47,0.0851063829787234,50,476,0.10504201680672269,0.7925581395348837,0.8057751361077554,0.9733503547180847,-0.19482804583992047
neg,powered,TGIF2,TF ChIP-seq,6,47,0.1276595744680851,53,476,0.11134453781512606,1.1679705476300046,0.8080644454263345,0.9733503547180847,0.31015145972521896
neg,powered,HDAC2,TF ChIP-seq,7,47,0.14893617021276595,65,476,0.13655462184873948,1.1065384615384615,0.8242854017278439,0.9854239013137381,0.2183662116080692
neg,powered,ATF6,TF ChIP-seq,0,47,0.0,4,476,0.008403361344537815,0.0,1.0,1.0,0.14438990933517493
neg,powered,ASH2L,TF ChIP-seq,12,47,0.2553191489361702,115,476,0.2415966386554622,1.0762732919254658,0.8588325488599184,1.0,0.14021186580510284
neg,powered,CHD7,TF ChIP-seq,1,47,0.02127659574468085,16,476,0.03361344537815126,0.625,1.0,1.0,-0.15153308365399312
neg,powered,ELF4,TF ChIP-seq,1,47,0.02127659574468085,13,476,0.0273109243697479,0.774247491638796,1.0,1.0,0.14734171607518687
neg,powered,FOXJ3,TF ChIP-seq,0,47,0.0,3,476,0.0063025210084033615,0.0,1.0,1.0,0.510010085079833
neg,powered,ZNF219,TF ChIP-seq,1,47,0.02127659574468085,11,476,0.023109243697478993,0.9189723320158103,1.0,1.0,0.3848790911149057
neg,powered,FOXP4,TF ChIP-seq,5,47,0.10638297872340426,53,476,0.11134453781512606,0.9501347708894878,1.0,1.0,0.034791855430647035
neg,powered,ZNF143,TF ChIP-seq,2,47,0.0425531914893617,26,476,0.0546218487394958,0.7692307692307693,1.0,1.0,-0.0984037040609945
neg,powered,BCL11A,TF ChIP-seq,0,47,0.0,1,476,0.0021008403361344537,0.0,1.0,1.0,1.7384834218084595
neg,powered,ZNF396,TF ChIP-seq,0,47,0.0,1,476,0.0021008403361344537,0.0,1.0,1.0,1.7384834218084595
neg,powered,SUZ12,TF ChIP-seq,3,47,0.06382978723404255,38,476,0.07983193277310924,0.7858851674641149,1.0,1.0,-0.15873201715896199
neg,powered,SP2,TF ChIP-seq,1,47,0.02127659574468085,9,476,0.018907563025210083,1.1280193236714975,1.0,1.0,0.6666987309445384
neg,powered,H3K9me3,Histone ChIP-seq,2,47,0.0425531914893617,24,476,0.05042016806722689,0.837037037037037,1.0,1.0,0.02119759254402553
neg,powered,HDAC6,TF ChIP-seq,0,47,0.0,2,476,0.004201680672268907,0.0,1.0,1.0,0.9984805738027991
neg,powered,IRF1,TF ChIP-seq,2,47,0.0425531914893617,20,476,0.04201680672268908,1.0133333333333334,1.0,1.0,0.2910525000548044
neg,powered,MAFK,TF ChIP-seq,3,47,0.06382978723404255,36,476,0.07563025210084033,0.8333333333333334,1.0,1.0,-0.07520485886839731
neg,powered,MXD4,TF ChIP-seq,0,47,0.0,1,476,0.0021008403361344537,0.0,1.0,1.0,1.7384834218084595
neg,powered,NANOG,TF ChIP-seq,2,47,0.0425531914893617,28,476,0.058823529411764705,0.7111111111111111,1.0,1.0,-0.20979238455681437
neg,powered,NFYB,TF ChIP-seq,2,47,0.0425531914893617,26,476,0.0546218487394958,0.7692307692307693,1.0,1.0,-0.0984037040609945
neg,powered,RELA,TF ChIP-seq,2,47,0.0425531914893617,22,476,0.046218487394957986,0.9171717171717172,1.0,1.0,0.15041684255309853
neg,powered,RNF2,TF ChIP-seq,1,47,0.02127659574468085,15,476,0.031512605042016806,0.6681159420289855,1.0,1.0,-0.058205783127976134
neg,powered,RXRA,TF ChIP-seq,1,47,0.02127659574468085,11,476,0.023109243697478993,0.9189723320158103,1.0,1.0,0.3848790911149057
neg,powered,SMAD3,TF ChIP-seq,3,47,0.06382978723404255,32,476,0.06722689075630252,0.9460227272727273,1.0,1.0,0.1052932868925218
neg,powered,SMAD4,TF ChIP-seq,1,47,0.02127659574468085,9,476,0.018907563025210083,1.1280193236714975,1.0,1.0,0.6666987309445384
neg,powered,H2BK20ac,Histone ChIP-seq,10,47,0.2127659574468085,106,476,0.22268907563025211,0.9433962264150944,1.0,1.0,-0.037881155637125075
neg,powered,ZSCAN18,TF ChIP-seq,0,47,0.0,1,476,0.0021008403361344537,0.0,1.0,1.0,1.7384834218084595
neg,all,POLR2AphosphoS5,TF ChIP-seq,23,47,0.48936170212765956,74,655,0.11297709923664122,7.524211711711712,1.5735177616411523e-09,2.5333635962422553e-07,2.9043458685734858
neg,all,TAF7,TF ChIP-seq,16,47,0.3404255319148936,38,655,0.05801526717557252,8.380305602716469,4.1792587482676073e-08,3.364303292355424e-06,3.0706229816356756
neg,all,POLR2A,TF ChIP-seq,21,47,0.44680851063829785,89,655,0.13587786259541984,5.1365600691443385,8.198571431529213e-07,4.399900001587344e-05,2.360460668695158
neg,all,H4K91ac,Histone ChIP-seq,10,47,0.2127659574468085,16,655,0.024427480916030534,10.79391891891892,1.641246297728597e-06,6.606016348357603e-05,3.4399051618060628
neg,all,NFATC4,TF ChIP-seq,9,47,0.19148936170212766,16,655,0.024427480916030534,9.458881578947368,1.1376522898571721e-05,0.00026304268991474936,3.2575474022718676
neg,all,ZNF416,TF ChIP-seq,10,47,0.2127659574468085,21,655,0.03206106870229008,8.159588159588159,1.0639448151699528e-05,0.00026304268991474936,3.0467103314218873
neg,all,SIN3A,TF ChIP-seq,24,47,0.5106382978723404,133,655,0.20305343511450383,4.095456031382805,1.1436638691945625e-05,0.00026304268991474936,2.0287122877182617
neg,all,H2BK5ac,Histone ChIP-seq,33,47,0.7021276595744681,253,655,0.38625954198473283,3.7453416149068324,4.0303904386175416e-05,0.0008111160757717803,1.8751112313288392
neg,all,TAF1,TF ChIP-seq,19,47,0.40425531914893614,101,655,0.15419847328244274,3.722065063649222,7.168330360669749e-05,0.0012823346534086995,1.9022199376740405
neg,all,H3K9ac,Histone ChIP-seq,21,47,0.44680851063829785,120,655,0.183206106870229,3.6009615384615383,8.136501519016985e-05,0.0013099767445617346,1.850197728659193
neg,all,H3K4ac,Histone ChIP-seq,6,47,0.1276595744680851,8,655,0.012213740458015267,11.835365853658537,0.0001309157621424973,0.0017564531420785055,3.576673828117744
neg,all,H3K18ac,Histone ChIP-seq,23,47,0.48936170212765956,145,655,0.22137404580152673,3.3706896551724137,0.00012310418878678643,0.0017564531420785055,1.7507708155319468
neg,all,H2AK5ac,Histone ChIP-seq,24,47,0.5106382978723404,158,655,0.24122137404580152,3.282333516785911,0.00019107784053923321,0.00216291802526093,1.7103346777291748
neg,all,MYC,TF ChIP-seq,10,47,0.2127659574468085,32,655,0.04885496183206107,5.261824324324325,0.00020151410173238475,0.00216291802526093,2.4253766690840948
neg,all,ZNF281,TF ChIP-seq,12,47,0.2553191489361702,46,655,0.07022900763358779,4.539130434782609,0.00017898050100864543,0.00216291802526093,2.2064326697822234
neg,all,H4K5ac,Histone ChIP-seq,21,47,0.44680851063829785,130,655,0.1984732824427481,3.2618343195266273,0.0003021882990041055,0.0030407697587288116,1.7079852575311927
neg,all,H3K14ac,Histone ChIP-seq,21,47,0.44680851063829785,132,655,0.2015267175572519,3.200174825174825,0.0003299061105632193,0.0031244049294516653,1.6805414776191456
neg,all,TCF12,TF ChIP-seq,14,47,0.2978723404255319,67,655,0.10229007633587786,3.723202170963365,0.00036117580523233284,0.0032305169245780883,1.915974812657413
neg,all,ZNF425,TF ChIP-seq,5,47,0.10638297872340426,7,655,0.010687022900763359,11.020408163265307,0.0006050129378630681,0.005126688578734419,3.4841128511427764
neg,all,ZNF671,TF ChIP-seq,6,47,0.1276595744680851,13,655,0.01984732824427481,7.227016885553471,0.0009127125363566357,0.0073473359176709175,2.898065428711939
neg,all,ZBTB43,TF ChIP-seq,10,47,0.2127659574468085,44,655,0.06717557251908397,3.753071253071253,0.0017684953679181319,0.013558464487372345,1.9439739898438684
neg,all,CREB1,TF ChIP-seq,5,47,0.10638297872340426,10,655,0.015267175572519083,7.678571428571429,0.0019664248094824937,0.01439065428757643,2.9919965450280257
neg,all,FOXP1,TF ChIP-seq,12,47,0.2553191489361702,63,655,0.09618320610687023,3.221768707482993,0.0022164422237281006,0.015515095566096706,1.7160957272834982
neg,all,H2BK120ac,Histone ChIP-seq,14,47,0.2978723404255319,79,655,0.12061068702290076,3.0932105868814728,0.0025988914978243094,0.016457498238135495,1.650185647037216
neg,all,AFF4,TF ChIP-seq,5,47,0.10638297872340426,11,655,0.016793893129770993,6.96969696969697,0.0027171991959113683,0.016457498238135495,2.8585152748042337
neg,all,ERG,TF ChIP-seq,6,47,0.1276595744680851,17,655,0.025954198473282442,5.492109038737446,0.0027599531206811082,0.016457498238135495,2.5146600795519247
neg,all,EGR1,TF ChIP-seq,10,47,0.2127659574468085,47,655,0.0717557251908397,3.496262219666475,0.0027329309658327555,0.016457498238135495,1.84275657666566
neg,all,PRRX2,TF ChIP-seq,5,47,0.10638297872340426,12,655,0.0183206106870229,6.378968253968254,0.0036569440061352643,0.02030234430992336,2.7359808309455724
neg,all,PHF8,TF ChIP-seq,11,47,0.23404255319148937,58,655,0.08854961832061069,3.1451149425287355,0.003641009750402585,0.02030234430992336,1.686167580461702
neg,all,BRCA1,TF ChIP-seq,4,47,0.0851063829787234,7,655,0.010687022900763359,8.611295681063122,0.004123364680243294,0.022128723783972345,3.161053674236765
neg,all,E2F5,TF ChIP-seq,9,47,0.19148936170212766,43,655,0.06564885496183206,3.3708690330477356,0.005078693514547224,0.024049107524767736,1.7967635107898887
neg,all,NFE2L1,TF ChIP-seq,9,47,0.19148936170212766,43,655,0.06564885496183206,3.3708690330477356,0.005078693514547224,0.024049107524767736,1.7967635107898887
neg,all,SP4,TF ChIP-seq,9,47,0.19148936170212766,43,655,0.06564885496183206,3.3708690330477356,0.005078693514547224,0.024049107524767736,1.7967635107898887
neg,all,H2BK12ac,Histone ChIP-seq,28,47,0.5957446808510638,247,655,0.37709923664122136,2.4342637971446837,0.00485015223820592,0.024049107524767736,1.270395348481205
neg,all,AR,TF ChIP-seq,5,47,0.10638297872340426,14,655,0.021374045801526718,5.450680272108843,0.006202556952974797,0.026989504579160602,2.517365142461706
neg,all,E2F4,TF ChIP-seq,5,47,0.10638297872340426,14,655,0.021374045801526718,5.450680272108843,0.006202556952974797,0.026989504579160602,2.517365142461706
neg,all,GTF2F1,TF ChIP-seq,5,47,0.10638297872340426,14,655,0.021374045801526718,5.450680272108843,0.006202556952974797,0.026989504579160602,2.517365142461706
neg,all,EMX1,TF ChIP-seq,6,47,0.1276595744680851,21,655,0.03206106870229008,4.418118466898955,0.006578433030611285,0.02715712097252351,2.2086118859331756
neg,all,TBP,TF ChIP-seq,17,47,0.3617021276595745,120,655,0.183206106870229,2.526388888888889,0.006475232078900631,0.02715712097252351,1.3503991079023745
neg,all,JUND,TF ChIP-seq,10,47,0.2127659574468085,55,655,0.08396946564885496,2.9484029484029484,0.007481908676376944,0.0301146824224172,1.5991033016384075
neg,all,H2BK15ac,Histone ChIP-seq,17,47,0.3617021276595745,127,655,0.19389312977099238,2.3559055118110237,0.008778653543519232,0.034472273670892596,1.249951903905905
neg,all,NRF1,TF ChIP-seq,6,47,0.1276595744680851,23,655,0.035114503816793895,4.021208907741252,0.009518327964287652,0.03560732218330024,2.0757331046982026
neg,all,CHD1,TF ChIP-seq,7,47,0.14893617021276595,31,655,0.04732824427480916,3.52258064516129,0.009811206309085595,0.03560732218330024,1.8763184308319347
neg,all,CHD2,TF ChIP-seq,8,47,0.1702127659574468,39,655,0.059541984732824425,3.239973701512163,0.009342059919751912,0.03560732218330024,1.7478584292989725
neg,all,E2F6,TF ChIP-seq,16,47,0.3404255319148936,114,655,0.17404580152671756,2.449349179400113,0.009952357131978328,0.03560732218330024,1.3087279353699202
neg,all,TP53,TF ChIP-seq,7,47,0.14893617021276595,33,655,0.050381679389312976,3.2984848484848484,0.013060350581650665,0.04571122703577733,1.7828814292215647
neg,all,H3K56ac,Histone ChIP-seq,5,47,0.10638297872340426,19,655,0.02900763358778626,3.9849624060150375,0.01755898018723245,0.06014884702434946,2.078655167538705
neg,all,SAP30,TF ChIP-seq,6,47,0.1276595744680851,27,655,0.04122137404580153,3.4037940379403793,0.018045214050213854,0.0605266554600923,1.8398095076900156
neg,all,SP1,TF ChIP-seq,15,47,0.3191489361702128,115,655,0.17557251908396945,2.2010869565217392,0.019496060200660015,0.06210543515665744,1.1582302636770134
neg,all,BACH1,TF ChIP-seq,10,47,0.2127659574468085,61,655,0.09312977099236641,2.6318121400088614,0.01967315026701571,0.06210543515665744,1.4365172266892954
neg,all,ZNF232,TF ChIP-seq,8,47,0.1702127659574468,45,655,0.06870229007633588,2.780626780626781,0.019248649649850128,0.06210543515665744,1.5297349378619434
neg,all,CBFB,TF ChIP-seq,4,47,0.0851063829787234,13,655,0.01984732824427481,4.59391771019678,0.022033241896220083,0.0643739064535942,2.299646647511356
neg,all,CTCF,TF ChIP-seq,22,47,0.46808510638297873,198,655,0.30229007633587784,2.031111111111111,0.02239092398385885,0.0643739064535942,1.0240604903866262
neg,all,KAT7,TF ChIP-seq,6,47,0.1276595744680851,28,655,0.042748091603053436,3.2770034843205575,0.02080835767433079,0.0643739064535942,1.78598192146756
neg,all,H3K23me2,Histone ChIP-seq,16,47,0.3404255319148936,125,655,0.19083969465648856,2.1883870967741936,0.02194394647758294,0.0643739064535942,1.1467795828225298
neg,all,SRF,TF ChIP-seq,4,47,0.0851063829787234,13,655,0.01984732824427481,4.59391771019678,0.022033241896220083,0.0643739064535942,2.299646647511356
neg,all,MXI1,TF ChIP-seq,6,47,0.1276595744680851,29,655,0.044274809160305344,3.1589571068124473,0.023849070857219788,0.06686569121791677,1.7339279367541867
neg,all,ZNF184,TF ChIP-seq,7,47,0.14893617021276595,38,655,0.05801526717557252,2.841447368421053,0.024503576284826648,0.06686569121791677,1.5705493785010323
neg,all,ZMAT4,TF ChIP-seq,3,47,0.06382978723404255,7,655,0.010687022900763359,6.311688311688312,0.024215770085075833,0.06686569121791677,2.7656936597343873
neg,all,FOXK1,TF ChIP-seq,10,47,0.2127659574468085,66,655,0.10076335877862595,2.411957411957412,0.02624646421675439,0.07042801231495761,1.3115642997614525
neg,all,TCF7,TF ChIP-seq,4,47,0.0851063829787234,14,655,0.021374045801526718,4.259136212624584,0.026954027400050932,0.07114095756406885,2.1943059655556945
neg,all,ZNF263,TF ChIP-seq,6,47,0.1276595744680851,31,655,0.04732824427480916,2.945712037765539,0.030806925667021586,0.07889297640137019,1.6346781249022084
neg,all,H3K27ac,Histone ChIP-seq,27,47,0.574468085106383,264,655,0.4030534351145038,1.9994318181818183,0.030871164678797032,0.07889297640137019,0.9895522940835908
neg,all,E2F1,TF ChIP-seq,4,47,0.0851063829787234,15,655,0.022900763358778626,3.9689922480620154,0.03248775285260456,0.08172700326983334,2.0958399555483553
neg,all,H2AFZ,Histone ChIP-seq,9,47,0.19148936170212766,227,655,0.3465648854961832,0.446556920936703,0.036640994538535115,0.09075692493391006,-1.1054303682248747
neg,all,ZNF532,TF ChIP-seq,4,47,0.0851063829787234,16,655,0.024427480916030534,3.7151162790697674,0.038645339007715496,0.09427120576124538,2.0033879351167676
neg,all,H4K20me1,Histone ChIP-seq,5,47,0.10638297872340426,25,655,0.03816793893129771,3.0,0.0433801595596951,0.10424187595687927,1.6779679008563197
neg,all,H3K23ac,Histone ChIP-seq,3,47,0.06382978723404255,10,655,0.015267175572519083,4.3977272727272725,0.05006038349467939,0.11852531974475561,2.2735773536196366
neg,all,H3K27me3,Histone ChIP-seq,4,47,0.0851063829787234,133,655,0.20305343511450383,0.36509879349536634,0.05548329091100657,0.129461012125682,-1.3044271991257248
neg,all,RBBP5,TF ChIP-seq,12,47,0.2553191489361702,97,655,0.1480916030534351,1.9723122238586157,0.05988352542604446,0.13773210847990225,1.0121922270037467
neg,all,H4K8ac,Histone ChIP-seq,5,47,0.10638297872340426,28,655,0.042748091603053436,2.6658163265306123,0.06205814463436239,0.14072339839623021,1.5106223171729882
neg,all,MAX,TF ChIP-seq,15,47,0.3191489361702128,132,655,0.2015267175572519,1.8572443181818181,0.0637231734181201,0.14249209611551855,0.9140256748386676
neg,all,H3K4me3,Histone ChIP-seq,26,47,0.5531914893617021,267,655,0.4076335877862595,1.7991795969324058,0.06527967477648912,0.1439729813563664,0.8400314069803019
neg,all,ARID4B,TF ChIP-seq,7,47,0.14893617021276595,43,655,0.06564885496183206,2.4906976744186045,0.06899621373229224,0.14811187214532068,1.3826631307650983
neg,all,H3K4me2,Histone ChIP-seq,28,47,0.5957446808510638,296,655,0.45190839694656487,1.7873399715504978,0.0686244465853671,0.14811187214532068,0.8254474611957874
neg,all,CREM,TF ChIP-seq,7,47,0.14893617021276595,44,655,0.06717557251908397,2.4301136363636364,0.07119225856572868,0.1508151793300305,1.3475158502848827
neg,all,MYBL2,TF ChIP-seq,7,47,0.14893617021276595,46,655,0.07022900763358779,2.3168478260869567,0.07679534061913795,0.1605720758400157,1.2793641922360743
neg,all,YY1,TF ChIP-seq,14,47,0.2978723404255319,124,655,0.18931297709923664,1.816715542521994,0.08576893825158247,0.17703588536544584,0.8858157541328234
neg,all,USF1,TF ChIP-seq,9,47,0.19148936170212766,70,655,0.10687022900763359,1.9793233082706767,0.09134287818099296,0.18615447325493503,1.0351149808511055
neg,all,JUN,TF ChIP-seq,4,47,0.0851063829787234,23,655,0.035114503816793895,2.5561172901921134,0.09916887660303336,0.19711344608751077,1.4773143234976192
neg,all,NR3C1,TF ChIP-seq,3,47,0.06382978723404255,14,655,0.021374045801526718,3.1217532467532467,0.09864092530813212,0.19711344608751077,1.7989459510533168
neg,all,ZNF121,TF ChIP-seq,7,47,0.14893617021276595,53,655,0.08091603053435115,1.9877358490566037,0.10854266399164729,0.21311425491042946,1.0603910374400707
neg,all,H3K4me1,Histone ChIP-seq,36,47,0.7659574468085106,423,655,0.6458015267175573,1.7949709864603483,0.11249061056521718,0.2182046783253008,0.8011313494861995
neg,all,ZBTB33,TF ChIP-seq,4,47,0.0851063829787234,26,655,0.03969465648854962,2.250447227191413,0.1337730608294061,0.256398366589695,1.2971236187494015
neg,all,EP300,TF ChIP-seq,2,47,0.0425531914893617,8,655,0.012213740458015267,3.5944444444444446,0.14008197458627672,0.2622464873068669,2.065406996012243
neg,all,RFX5,TF ChIP-seq,2,47,0.0425531914893617,8,655,0.012213740458015267,3.5944444444444446,0.14008197458627672,0.2622464873068669,2.065406996012243
neg,all,KDM1A,TF ChIP-seq,8,47,0.1702127659574468,67,655,0.10229007633587786,1.8002296211251436,0.14479962282759765,0.2679625204050945,0.9077651010608497
neg,all,POU5F1,TF ChIP-seq,0,47,0.0,32,655,0.04885496183206107,0.0,0.15871528073900332,0.2903768204429492,-2.3079776715297324
neg,all,MLX,TF ChIP-seq,2,47,0.0425531914893617,9,655,0.013740458015267175,3.1901234567901233,0.16415565291391868,0.2936562235460101,1.902712501055335
neg,all,REST,TF ChIP-seq,2,47,0.0425531914893617,9,655,0.013740458015267175,3.1901234567901233,0.16415565291391868,0.2936562235460101,1.902712501055335
neg,all,RAD21,TF ChIP-seq,26,47,0.5531914893617021,290,655,0.44274809160305345,1.5582922824302134,0.17177042326421688,0.30390151808284527,0.6329889424090098
neg,all,TEAD1,TF ChIP-seq,9,47,0.19148936170212766,82,655,0.1251908396946565,1.6550064184852376,0.18210797711097562,0.3186889599442074,0.7784684345186933
neg,all,SIX4,TF ChIP-seq,5,47,0.10638297872340426,36,655,0.0549618320610687,2.046957671957672,0.1844520818183753,0.31932027067482177,1.1351765957601798
neg,all,H3T11ph,Histone ChIP-seq,3,47,0.06382978723404255,20,655,0.030534351145038167,2.164772727272727,0.19465965164224555,0.33340642462129294,1.2858178014780814
neg,all,ZBTB21,TF ChIP-seq,5,47,0.10638297872340426,38,655,0.05801526717557252,1.9329573934837092,0.19835664574482964,0.33396111466948764,1.0535494682767343
neg,all,ETV6,TF ChIP-seq,10,47,0.2127659574468085,93,655,0.14198473282442747,1.6332461493751815,0.19913209321907338,0.33396111466948764,0.7523135584996422
neg,all,USF2,TF ChIP-seq,8,47,0.1702127659574468,69,655,0.10534351145038168,1.7421033073206986,0.22124769679390366,0.36722555859606687,0.8607283183782375
neg,all,HMGXB4,TF ChIP-seq,11,47,0.23404255319148937,108,655,0.1648854961832061,1.547582304526749,0.2280545092315133,0.37466097945177185,0.6689013192210522
neg,all,TEAD4,TF ChIP-seq,3,47,0.06382978723404255,22,655,0.03358778625954199,1.9617768595041323,0.23076003263804318,0.37527641671439343,1.1469692039023411
neg,all,ZNF512,TF ChIP-seq,2,47,0.0425531914893617,12,655,0.0183206106870229,2.3814814814814813,0.23972129067015743,0.38212997819698363,1.5000736031346433
neg,all,ZNF138,TF ChIP-seq,2,47,0.0425531914893617,12,655,0.0183206106870229,2.3814814814814813,0.23972129067015743,0.38212997819698363,1.5000736031346433
neg,all,SIRT6,TF ChIP-seq,1,47,0.02127659574468085,3,655,0.004580152671755725,4.72463768115942,0.24255783173821788,0.38286089127306944,2.5882828590127676
neg,all,ESRRA,TF ChIP-seq,4,47,0.0851063829787234,30,655,0.04580152671755725,1.937984496124031,0.2758408904914027,0.43116877057394015,1.0851102421965175
neg,all,CTBP2,TF ChIP-seq,4,47,0.0851063829787234,32,655,0.04885496183206107,1.811046511627907,0.29236625449652404,0.44171235442136864,0.9888594423947996
neg,all,FOSL1,TF ChIP-seq,1,47,0.02127659574468085,4,655,0.0061068702290076335,3.5380434782608696,0.29356038461544376,0.44171235442136864,2.223500056738947
neg,all,ZKSCAN8,TF ChIP-seq,2,47,0.0425531914893617,14,655,0.021374045801526718,2.034920634920635,0.2912116118455266,0.44171235442136864,1.2814579146507765
neg,all,ATF1,TF ChIP-seq,2,47,0.0425531914893617,14,655,0.021374045801526718,2.034920634920635,0.2912116118455266,0.44171235442136864,1.2814579146507765
neg,all,H3K79me1,Histone ChIP-seq,4,47,0.0851063829787234,33,655,0.050381679389312976,1.7533474277660324,0.30171122454651333,0.44977321437026524,0.9428223420912548
neg,all,H3K36me3,Histone ChIP-seq,7,47,0.14893617021276595,65,655,0.09923664122137404,1.5884615384615384,0.3142865961399777,0.4642214860416185,0.7394108405836007
neg,all,STAT6,TF ChIP-seq,1,47,0.02127659574468085,5,655,0.007633587786259542,2.8260869565217392,0.34119691535156177,0.494889219563977,1.931777317693623
neg,all,TRERF1,TF ChIP-seq,1,47,0.02127659574468085,5,655,0.007633587786259542,2.8260869565217392,0.34119691535156177,0.494889219563977,1.931777317693623
neg,all,PRDM15,TF ChIP-seq,5,47,0.10638297872340426,43,655,0.06564885496183206,1.6943521594684385,0.36107395434014167,0.5190438093639537,0.8656632205408001
neg,all,ZNF317,TF ChIP-seq,2,47,0.0425531914893617,17,655,0.025954198473282442,1.6679738562091504,0.3675888599366546,0.5237328004407202,1.0033932474464233
neg,all,IRF2,TF ChIP-seq,1,47,0.02127659574468085,6,655,0.00916030534351145,2.351449275362319,0.3856850546884534,0.5353042569382844,1.6885496869199137
neg,all,ATF3,TF ChIP-seq,1,47,0.02127659574468085,6,655,0.00916030534351145,2.351449275362319,0.3856850546884534,0.5353042569382844,1.6885496869199137
neg,all,NR1H2,TF ChIP-seq,1,47,0.02127659574468085,6,655,0.00916030534351145,2.351449275362319,0.3856850546884534,0.5353042569382844,1.6885496869199137
neg,all,KDM5A,TF ChIP-seq,1,47,0.02127659574468085,7,655,0.010687022900763359,2.012422360248447,0.4272286553066443,0.58789584191769,1.4798758582563056
neg,all,TGIF2,TF ChIP-seq,6,47,0.1276595744680851,60,655,0.0916030534351145,1.451219512195122,0.4335393630021811,0.5915240461300945,0.6244947473836868
neg,all,GABPB1,TF ChIP-seq,6,47,0.1276595744680851,63,655,0.09618320610687023,1.3751451800232288,0.44839356977138395,0.606650123808343,0.547386943807623
neg,all,ATF2,TF ChIP-seq,1,47,0.02127659574468085,8,655,0.012213740458015267,1.7581521739130435,0.4660186455092201,0.6200743960907805,1.2970772309367018
neg,all,PREB,TF ChIP-seq,1,47,0.02127659574468085,8,655,0.012213740458015267,1.7581521739130435,0.4660186455092201,0.6200743960907805,1.2970772309367018
neg,all,SP2,TF ChIP-seq,1,47,0.02127659574468085,9,655,0.013740458015267175,1.5603864734299517,0.5022338311673248,0.6573955025848722,1.1343827359797938
neg,all,HMGA2,TF ChIP-seq,1,47,0.02127659574468085,9,655,0.013740458015267175,1.5603864734299517,0.5022338311673248,0.6573955025848722,1.1343827359797938
neg,all,GABPA,TF ChIP-seq,4,47,0.0851063829787234,39,655,0.059541984732824425,1.4692903995229576,0.5213921630343051,0.6769688568429284,0.6911578418193202
neg,all,ZNF219,TF ChIP-seq,1,47,0.02127659574468085,11,655,0.016793893129770993,1.2727272727272727,0.5675988740250023,0.731067349744203,0.8542782819177629
neg,all,SMAD4,TF ChIP-seq,1,47,0.02127659574468085,12,655,0.0183206106870229,1.164855072463768,0.5970522840551833,0.7568930530148387,0.7317438380591019
neg,all,ASH2L,TF ChIP-seq,12,47,0.2553191489361702,148,655,0.22595419847328244,1.1745173745173745,0.5946596807746696,0.7568930530148387,0.2670539615418153
neg,all,HDAC2,TF ChIP-seq,7,47,0.14893617021276595,81,655,0.12366412213740458,1.2401234567901234,0.6467207737269953,0.8134534732034864,0.38447552113892947
neg,all,IRF1,TF ChIP-seq,2,47,0.0425531914893617,21,655,0.03206106870229008,1.3417989417989418,0.6621435590052406,0.8263962248049902,0.6973450538276741
neg,all,OTX2,TF ChIP-seq,2,47,0.0425531914893617,22,655,0.03358778625954199,1.2787878787878788,0.6713379617344952,0.8314262449173364,0.6294811674998009
neg,all,RELA,TF ChIP-seq,2,47,0.0425531914893617,23,655,0.035114503816793895,1.221256038647343,0.6808714230214497,0.8367961763851405,0.5644662725927011
neg,all,GTF2I,TF ChIP-seq,1,47,0.02127659574468085,31,655,0.04732824427480916,0.4375876577840112,0.7158933654374795,0.873172968450259,-0.6449184722788345
neg,all,SMAD3,TF ChIP-seq,3,47,0.06382978723404255,36,655,0.0549618320610687,1.1723484848484849,0.7397038686221187,0.8954309988583542,0.4167574043517906
neg,all,H3K9me3,Histone ChIP-seq,2,47,0.0425531914893617,43,655,0.06564885496183206,0.6325581395348837,0.7603849832853373,0.9135968829025322,-0.3702440072701293
neg,all,H3K79me2,Histone ChIP-seq,4,47,0.0851063829787234,46,655,0.07022900763358779,1.2315470171890799,0.7662312235169524,0.9138016813794765,0.4393051051057648
neg,all,CEBPB,TF ChIP-seq,5,47,0.10638297872340426,61,655,0.09312977099236641,1.1592505854800936,0.7942644099929307,0.935439133586423,0.32305917690601144
neg,all,FOXP4,TF ChIP-seq,5,47,0.10638297872340426,62,655,0.09465648854961832,1.1386328725038402,0.7959947906915525,0.935439133586423,0.2973606174794153
neg,all,ZNF396,TF ChIP-seq,0,47,0.0,1,655,0.0015267175572519084,0.0,1.0,1.0,2.1994312728931367
neg,all,ZNF143,TF ChIP-seq,2,47,0.0425531914893617,31,655,0.04732824427480916,0.8946236559139785,1.0,1.0,0.12341129279670693
neg,all,ZNF423,TF ChIP-seq,4,47,0.0851063829787234,62,655,0.09465648854961832,0.8897224306076519,1.0,1.0,-0.025698559426596296
neg,all,KDM4A,TF ChIP-seq,8,47,0.1702127659574468,115,655,0.17557251908396945,0.9632107023411371,1.0,1.0,0.010083859391829056
neg,all,SIX5,TF ChIP-seq,0,47,0.0,13,655,0.01984732824427481,0.0,1.0,1.0,-0.9971904664131759
neg,all,ATF6,TF ChIP-seq,0,47,0.0,5,655,0.007633587786259542,0.0,1.0,1.0,0.31611801974955034
neg,all,BCL11A,TF ChIP-seq,0,47,0.0,2,655,0.0030534351145038168,0.0,1.0,1.0,1.460259722577123
neg,all,CHD7,TF ChIP-seq,1,47,0.02127659574468085,27,655,0.04122137404580153,0.5056360708534622,1.0,1.0,-0.43978708949102713
neg,all,ELF4,TF ChIP-seq,1,47,0.02127659574468085,14,655,0.021374045801526718,0.9953416149068323,1.0,1.0,0.5131281495752352
neg,all,EZH2,TF ChIP-seq,3,47,0.06382978723404255,49,655,0.07480916030534351,0.8432282003710575,1.0,1.0,-0.05337129386789302
neg,all,FOXJ3,TF ChIP-seq,0,47,0.0,5,655,0.007633587786259542,0.0,1.0,1.0,0.31611801974955034
neg,all,H2BK20ac,Histone ChIP-seq,10,47,0.2127659574468085,140,655,0.21374045801526717,0.9942084942084942,1.0,1.0,0.038901029430061775
neg,all,HDAC6,TF ChIP-seq,0,47,0.0,2,655,0.0030534351145038168,0.0,1.0,1.0,1.460259722577123
neg,all,JAZF1,TF ChIP-seq,0,47,0.0,1,655,0.0015267175572519084,0.0,1.0,1.0,2.1994312728931367
neg,all,MAFK,TF ChIP-seq,3,47,0.06382978723404255,52,655,0.07938931297709924,0.7906468531468531,1.0,1.0,-0.1454140658198948
neg,all,MXD4,TF ChIP-seq,0,47,0.0,4,655,0.0061068702290076335,0.0,1.0,1.0,0.6078407587948742
neg,all,NANOG,TF ChIP-seq,2,47,0.0425531914893617,37,655,0.05648854961832061,0.7423423423423423,1.0,1.0,-0.1420554508308451
neg,all,NFYB,TF ChIP-seq,2,47,0.0425531914893617,29,655,0.044274809160305344,0.9593869731800766,1.0,1.0,0.2226611046486854
neg,all,NR2C2,TF ChIP-seq,1,47,0.02127659574468085,20,655,0.030534351145038167,0.6902173913043478,1.0,1.0,0.0
neg,all,RNF2,TF ChIP-seq,1,47,0.02127659574468085,19,655,0.02900763358778626,0.7276887871853547,1.0,1.0,0.07441817465223445
neg,all,RORB,TF ChIP-seq,0,47,0.0,2,655,0.0030534351145038168,0.0,1.0,1.0,1.460259722577123
neg,all,RXRA,TF ChIP-seq,1,47,0.02127659574468085,15,655,0.022900763358778626,0.927536231884058,1.0,1.0,0.4146621395678961
neg,all,SUZ12,TF ChIP-seq,3,47,0.06382978723404255,48,655,0.0732824427480916,0.8622159090909091,1.0,1.0,-0.02155075260277811
neg,all,ZSCAN18,TF ChIP-seq,0,47,0.0,9,655,0.013740458015267175,0.0,1.0,1.0,-0.48127656196427904
pos,powered,KDM5A,TF ChIP-seq,4,25,0.16,7,476,0.014705882352941176,12.761904761904763,0.001264974839654176,0.20113099950501395,3.71175099878547
pos,powered,MXI1,TF ChIP-seq,5,25,0.2,22,476,0.046218487394957986,5.159090909090909,0.007802196669809091,0.6202746352498227,2.438163001883646
pos,powered,AFF4,TF ChIP-seq,2,25,0.08,11,476,0.023109243697478993,3.675889328063241,0.13314596989174682,0.9851272723584737,2.106414644711506
pos,powered,HDAC2,TF ChIP-seq,7,25,0.28,65,476,0.13655462184873948,2.458974358974359,0.07129125106738786,0.9851272723584737,1.348762848863744
pos,powered,KAT7,TF ChIP-seq,3,25,0.12,22,476,0.046218487394957986,2.8140495867768593,0.12186802011756209,0.9851272723584737,1.6517852135923619
pos,powered,POLR2A,TF ChIP-seq,8,25,0.32,77,476,0.16176470588235295,2.4385026737967914,0.053090656094032115,0.9851272723584737,1.3241071119591121
pos,powered,POLR2AphosphoS5,TF ChIP-seq,6,25,0.24,63,476,0.1323529411764706,2.0701754385964914,0.13630691818796492,0.9851272723584737,1.1180963316779526
pos,powered,PRRX2,TF ChIP-seq,2,25,0.08,8,476,0.01680672268907563,5.086956521739131,0.0841616902906902,0.9851272723584737,2.5517816396185724
pos,powered,RNF2,TF ChIP-seq,3,25,0.12,15,476,0.031512605042016806,4.1909090909090905,0.05450819533213318,0.9851272723584737,2.2114923529868284
pos,powered,SRF,TF ChIP-seq,2,25,0.08,11,476,0.023109243697478993,3.675889328063241,0.13314596989174682,0.9851272723584737,2.106414644711506
pos,powered,STAT6,TF ChIP-seq,2,25,0.08,4,476,0.008403361344537815,10.26086956521739,0.031726692533566275,0.9851272723584737,3.4815847608758475
pos,powered,TAF7,TF ChIP-seq,4,25,0.16,29,476,0.06092436974789916,2.935960591133005,0.07359192302843953,0.9851272723584737,1.666761069529992
pos,powered,ZBTB21,TF ChIP-seq,4,25,0.16,34,476,0.07142857142857142,2.4761904761904763,0.1118453777228179,0.9851272723584737,1.4246694349324052
pos,powered,ZMAT4,TF ChIP-seq,2,25,0.08,4,476,0.008403361344537815,10.26086956521739,0.031726692533566275,0.9851272723584737,3.4815847608758475
pos,powered,ZNF138,TF ChIP-seq,2,25,0.08,11,476,0.023109243697478993,3.675889328063241,0.13314596989174682,0.9851272723584737,2.106414644711506
pos,powered,ZNF184,TF ChIP-seq,4,25,0.16,32,476,0.06722689075630252,2.642857142857143,0.09558111049319146,0.9851272723584737,1.5173320425415298
pos,powered,H2BK12ac,Histone ChIP-seq,15,25,0.6,201,476,0.4222689075630252,2.0522388059701493,0.09774431747095622,0.9851272723584737,1.013151367651305
pos,powered,FOXP1,TF ChIP-seq,7,25,0.28,58,476,0.12184873949579832,2.8026819923371646,0.031735581301333686,0.9851272723584737,1.536156322946508
pos,powered,ZSCAN18,TF ChIP-seq,1,25,0.04,1,476,0.0021008403361344537,19.791666666666668,0.09740518962075849,0.9851272723584737,4.278591686745355
pos,powered,CBFB,TF ChIP-seq,2,25,0.08,11,476,0.023109243697478993,3.675889328063241,0.13314596989174682,0.9851272723584737,2.106414644711506
pos,powered,AR,TF ChIP-seq,2,25,0.08,11,476,0.023109243697478993,3.675889328063241,0.13314596989174682,0.9851272723584737,2.106414644711506
pos,powered,CHD2,TF ChIP-seq,4,25,0.16,36,476,0.07563025210084033,2.328042328042328,0.12931793939293756,0.9851272723584737,1.3368338967806106
pos,powered,BACH1,TF ChIP-seq,5,25,0.2,48,476,0.10084033613445378,2.2291666666666665,0.1690427723011973,1.0,1.2451181659445858
pos,powered,RXRA,TF ChIP-seq,0,25,0.0,11,476,0.023109243697478993,0.0,1.0,1.0,-0.33334994046971483
pos,powered,SAP30,TF ChIP-seq,1,25,0.04,24,476,0.05042016806722689,0.7847222222222222,1.0,1.0,0.17731679446130744
pos,powered,SIN3A,TF ChIP-seq,8,25,0.32,110,476,0.23109243697478993,1.5657754010695186,0.33385547857996517,1.0,0.6879466530477533
pos,powered,SIRT6,TF ChIP-seq,0,25,0.0,2,476,0.004201680672268907,0.0,1.0,1.0,1.8959108401622515
pos,powered,CTCF,TF ChIP-seq,9,25,0.36,141,476,0.296218487394958,1.336436170212766,0.5059272752754206,1.0,0.4490441074534332
pos,powered,SIX4,TF ChIP-seq,1,25,0.04,33,476,0.06932773109243698,0.5593434343434344,1.0,1.0,-0.30304623955076054
pos,powered,SIX5,TF ChIP-seq,0,25,0.0,11,476,0.023109243697478993,0.0,1.0,1.0,-0.33334994046971483
pos,powered,SMAD3,TF ChIP-seq,2,25,0.08,32,476,0.06722689075630252,1.2065217391304348,0.6834840961327859,1.0,0.5410110390110404
pos,powered,SMAD4,TF ChIP-seq,0,25,0.0,9,476,0.018907563025210083,0.0,1.0,1.0,-0.051530300640082065
pos,powered,SP1,TF ChIP-seq,6,25,0.24,101,476,0.21218487394957983,1.1724856696195936,0.802075959432583,1.0,0.3023706796079393
pos,powered,SP2,TF ChIP-seq,1,25,0.04,9,476,0.018907563025210083,2.162037037037037,0.4034916448615792,1.0,1.5911476979373615
pos,powered,SP4,TF ChIP-seq,2,25,0.08,37,476,0.07773109243697479,1.0317273795534665,1.0,1.0,0.31823990785724804
pos,powered,RFX5,TF ChIP-seq,0,25,0.0,8,476,0.01680672268907563,0.0,1.0,1.0,0.11201705443735191
pos,powered,REST,TF ChIP-seq,1,25,0.04,6,476,0.012605042016806723,3.263888888888889,0.302699581730853,1.0,2.1478638511933923
pos,powered,RBBP5,TF ChIP-seq,7,25,0.28,81,476,0.17016806722689076,1.8964334705075445,0.1761198898626633,1.0,0.9762429602212831
pos,powered,ATF6,TF ChIP-seq,0,25,0.0,4,476,0.008403361344537815,0.0,1.0,1.0,1.0418201756946268
pos,powered,RAD21,TF ChIP-seq,11,25,0.44,202,476,0.42436974789915966,1.0657708628005658,1.0,1.0,0.10446520216265245
pos,powered,BCL11A,TF ChIP-seq,0,25,0.0,1,476,0.0021008403361344537,0.0,1.0,1.0,2.6359136881679115
pos,powered,PREB,TF ChIP-seq,1,25,0.04,6,476,0.012605042016806723,3.263888888888889,0.302699581730853,1.0,2.1478638511933923
pos,powered,PRDM15,TF ChIP-seq,2,25,0.08,35,476,0.07352941176470588,1.0956521739130434,0.706081326676548,1.0,0.40386175135350905
pos,powered,POU5F1,TF ChIP-seq,0,25,0.0,18,476,0.037815126050420166,0.0,1.0,1.0,-1.041100784005391
pos,powered,BRCA1,TF ChIP-seq,1,25,0.04,6,476,0.012605042016806723,3.263888888888889,0.302699581730853,1.0,2.1478638511933923
pos,powered,PHF8,TF ChIP-seq,4,25,0.16,53,476,0.11134453781512606,1.5202156334231807,0.511852407599194,1.0,0.7284114196712661
pos,powered,OTX2,TF ChIP-seq,1,25,0.04,18,476,0.037815126050420166,1.0601851851851851,1.0,1.0,0.6015772145720526
pos,powered,NRF1,TF ChIP-seq,2,25,0.08,17,476,0.03571428571428571,2.347826086956522,0.24378773063198858,1.0,1.4819772775537932
pos,powered,NR3C1,TF ChIP-seq,1,25,0.04,13,476,0.0273109243697479,1.483974358974359,0.5163311491091226,1.0,1.0717906830680102
pos,powered,NR2C2,TF ChIP-seq,0,25,0.0,20,476,0.04201680672268908,0.0,0.6149203931340153,1.0,-1.1955062966053573
pos,powered,NR1H2,TF ChIP-seq,0,25,0.0,5,476,0.01050420168067227,0.0,1.0,1.0,0.7492570000663037
pos,powered,NFYB,TF ChIP-seq,1,25,0.04,26,476,0.0546218487394958,0.7211538461538461,1.0,1.0,0.057715497856287434
pos,powered,RELA,TF ChIP-seq,2,25,0.08,22,476,0.046218487394957986,1.7944664031620554,0.33959940620060963,1.0,1.1036226310741575
pos,powered,ATF3,TF ChIP-seq,0,25,0.0,5,476,0.01050420168067227,0.0,1.0,1.0,0.7492570000663037
pos,powered,SUZ12,TF ChIP-seq,1,25,0.04,38,476,0.07983193277310924,0.48026315789473684,0.7106599120055246,1.0,-0.5201008516442205
pos,powered,TAF1,TF ChIP-seq,5,25,0.2,84,476,0.17647058823529413,1.1666666666666667,0.7880895108434547,1.0,0.31754902151601866
pos,powered,ZNF532,TF ChIP-seq,1,25,0.04,11,476,0.023109243697478993,1.7613636363636365,0.4627482627085733,1.0,1.3093280581077287
pos,powered,ZNF512,TF ChIP-seq,1,25,0.04,11,476,0.023109243697478993,1.7613636363636365,0.4627482627085733,1.0,1.3093280581077287
pos,powered,ZNF425,TF ChIP-seq,1,25,0.04,3,476,0.0063025210084033615,6.569444444444445,0.18566626555662846,1.0,3.050118350016729
pos,powered,ZNF423,TF ChIP-seq,2,25,0.08,50,476,0.10504201680672269,0.7408695652173913,1.0,1.0,-0.15447030822377963
pos,powered,ZNF416,TF ChIP-seq,1,25,0.04,17,476,0.03571428571428571,1.125,0.6085203364364956,1.0,0.684890690950016
pos,powered,ZNF396,TF ChIP-seq,0,25,0.0,1,476,0.0021008403361344537,0.0,1.0,1.0,2.6359136881679115
pos,powered,ZNF317,TF ChIP-seq,1,25,0.04,14,476,0.029411764705882353,1.375,0.5411601455614264,1.0,0.9655812168820503
pos,powered,ZNF281,TF ChIP-seq,4,25,0.16,41,476,0.0861344537815126,2.0209059233449476,0.26720707286908296,1.0,1.1351497239921542
pos,powered,ZNF263,TF ChIP-seq,0,25,0.0,28,476,0.058823529411764705,0.0,0.3861899707460622,1.0,-1.6963511812169763
pos,powered,ZNF232,TF ChIP-seq,2,25,0.08,35,476,0.07352941176470588,1.0956521739130434,0.706081326676548,1.0,0.40386175135350905
pos,powered,ZNF219,TF ChIP-seq,1,25,0.04,11,476,0.023109243697478993,1.7613636363636365,0.4627482627085733,1.0,1.3093280581077287
pos,powered,ZNF143,TF ChIP-seq,1,25,0.04,26,476,0.0546218487394958,0.7211538461538461,1.0,1.0,0.057715497856287434
pos,powered,ARID4B,TF ChIP-seq,4,25,0.16,39,476,0.0819327731092437,2.1343101343101343,0.2577143432370965,1.0,1.2130187052828028
pos,powered,ZNF121,TF ChIP-seq,4,25,0.16,41,476,0.0861344537815126,2.0209059233449476,0.26720707286908296,1.0,1.1351497239921542
pos,powered,ASH2L,TF ChIP-seq,9,25,0.36,115,476,0.2415966386554622,1.7657608695652174,0.23191535019210258,1.0,0.8496361896201923
pos,powered,ZKSCAN8,TF ChIP-seq,0,25,0.0,13,476,0.0273109243697479,0.0,1.0,1.0,-0.5708873155094333
pos,powered,ZBTB43,TF ChIP-seq,4,25,0.16,41,476,0.0861344537815126,2.0209059233449476,0.26720707286908296,1.0,1.1351497239921542
pos,powered,ATF2,TF ChIP-seq,0,25,0.0,8,476,0.01680672268907563,0.0,1.0,1.0,0.11201705443735191
pos,powered,TBP,TF ChIP-seq,4,25,0.16,98,476,0.20588235294117646,0.7346938775510204,0.7991928642251449,1.0,-0.3142420827304302
pos,powered,TCF12,TF ChIP-seq,2,25,0.08,49,476,0.10294117647058823,0.7577639751552795,1.0,1.0,-0.1222367670966245
pos,powered,TCF7,TF ChIP-seq,1,25,0.04,13,476,0.0273109243697479,1.483974358974359,0.5163311491091226,1.0,1.0717906830680102
pos,powered,TEAD1,TF ChIP-seq,5,25,0.2,65,476,0.13655462184873948,1.5807692307692307,0.3732737060566752,1.0,0.7532052329033889
pos,powered,TEAD4,TF ChIP-seq,1,25,0.04,18,476,0.037815126050420166,1.0601851851851851,1.0,1.0,0.6015772145720526
pos,powered,NFE2L1,TF ChIP-seq,2,25,0.08,39,476,0.0819327731092437,0.9743589743589743,1.0,1.0,0.23669770175231322
pos,powered,TGIF2,TF ChIP-seq,4,25,0.16,53,476,0.11134453781512606,1.5202156334231807,0.511852407599194,1.0,0.7284114196712661
pos,powered,TRERF1,TF ChIP-seq,0,25,0.0,3,476,0.0063025210084033615,0.0,1.0,1.0,1.4074403514392853
pos,powered,USF1,TF ChIP-seq,5,25,0.2,61,476,0.12815126050420167,1.7008196721311475,0.3558524343888003,1.0,0.8580697754503182
pos,powered,USF2,TF ChIP-seq,5,25,0.2,55,476,0.11554621848739496,1.9136363636363636,0.20529109025579234,1.0,1.0268525686111898
pos,powered,YY1,TF ChIP-seq,5,25,0.2,96,476,0.20168067226890757,0.9895833333333334,1.0,1.0,0.08117522025467862
pos,powered,ATF1,TF ChIP-seq,1,25,0.04,11,476,0.023109243697478993,1.7613636363636365,0.4627482627085733,1.0,1.3093280581077287
pos,powered,ZBTB33,TF ChIP-seq,2,25,0.08,24,476,0.05042016806722689,1.6376811594202898,0.37730166005217464,1.0,0.9744033810650844
pos,powered,TP53,TF ChIP-seq,1,25,0.04,27,476,0.05672268907563025,0.6929012345679012,1.0,1.0,0.0010702485957356466
pos,powered,NFATC4,TF ChIP-seq,1,25,0.04,10,476,0.02100840336134454,1.9416666666666667,0.4338637607036576,1.0,1.4436685046789464
pos,powered,NANOG,TF ChIP-seq,1,25,0.04,28,476,0.058823529411764705,0.6666666666666666,1.0,1.0,-0.05367318263953247
pos,powered,MYC,TF ChIP-seq,2,25,0.08,26,476,0.0546218487394958,1.5050167224080269,0.6431337039221291,1.0,0.8548020844600644
pos,powered,H3K23ac,Histone ChIP-seq,0,25,0.0,8,476,0.01680672268907563,0.0,1.0,1.0,0.11201705443735191
pos,powered,H3K18ac,Histone ChIP-seq,6,25,0.24,118,476,0.24789915966386555,0.9580731489741302,1.0,1.0,0.012123559082489304
pos,powered,H3K14ac,Histone ChIP-seq,4,25,0.16,117,476,0.24579831932773108,0.5844525844525844,0.472232296843093,1.0,-0.6430087393854874
pos,powered,H2BK5ac,Histone ChIP-seq,12,25,0.48,209,476,0.43907563025210083,1.1792418108207583,0.6858933976990608,1.0,0.24155733520041375
pos,powered,H2BK20ac,Histone ChIP-seq,7,25,0.28,106,476,0.22268907563025211,1.3574423480083857,0.469718146139637,1.0,0.49605734205956425
pos,powered,H2BK15ac,Histone ChIP-seq,6,25,0.24,113,476,0.23739495798319327,1.0144387517466231,1.0,1.0,0.0943005659075233
pos,powered,CREB1,TF ChIP-seq,1,25,0.04,10,476,0.02100840336134454,1.9416666666666667,0.4338637607036576,1.0,1.4436685046789464
pos,powered,H2BK120ac,Histone ChIP-seq,3,25,0.12,57,476,0.11974789915966387,1.0023923444976077,1.0,1.0,0.18253877522337736
pos,powered,H2AK5ac,Histone ChIP-seq,9,25,0.36,129,476,0.2710084033613445,1.5130813953488371,0.3598516290046404,1.0,0.6275942740094479
pos,powered,H2AFZ,Histone ChIP-seq,10,25,0.4,183,476,0.38445378151260506,1.0673952641165756,1.0,1.0,0.1157015526587244
pos,powered,GTF2I,TF ChIP-seq,1,25,0.04,21,476,0.04411764705882353,0.9027777777777778,1.0,1.0,0.3752951457059007
pos,powered,GTF2F1,TF ChIP-seq,0,25,0.0,12,476,0.025210084033613446,0.0,1.0,1.0,-0.45674674536356735
pos,powered,GABPB1,TF ChIP-seq,2,25,0.08,49,476,0.10294117647058823,0.7577639751552795,1.0,1.0,-0.1222367670966245
pos,powered,GABPA,TF ChIP-seq,2,25,0.08,35,476,0.07352941176470588,1.0956521739130434,0.706081326676548,1.0,0.40386175135350905
pos,powered,FOXP4,TF ChIP-seq,3,25,0.12,53,476,0.11134453781512606,1.088336192109777,0.7515562327349348,1.0,0.30025299865898114
pos,powered,CREM,TF ChIP-seq,1,25,0.04,36,476,0.07563025210084033,0.5092592592592593,1.0,1.0,-0.43657369335365553
pos,powered,FOXK1,TF ChIP-seq,4,25,0.16,59,476,0.12394957983193278,1.3462469733656175,0.5395912851965994,1.0,0.5544748707936855
pos,powered,E2F1,TF ChIP-seq,1,25,0.04,15,476,0.031512605042016806,1.2805555555555554,0.5647630187321351,1.0,0.866243183864847
pos,powered,E2F4,TF ChIP-seq,2,25,0.08,13,476,0.0273109243697479,3.096989966555184,0.1687251987768701,1.0,1.8688772696717872
pos,powered,E2F5,TF ChIP-seq,3,25,0.12,42,476,0.08823529411764706,1.4090909090909092,0.48298218471795046,1.0,0.6693232564046279
pos,powered,E2F6,TF ChIP-seq,5,25,0.2,96,476,0.20168067226890757,0.9895833333333334,1.0,1.0,0.08117522025467862
pos,powered,EGR1,TF ChIP-seq,2,25,0.08,39,476,0.0819327731092437,0.9743589743589743,1.0,1.0,0.23669770175231322
pos,powered,ELF4,TF ChIP-seq,1,25,0.04,13,476,0.0273109243697479,1.483974358974359,0.5163311491091226,1.0,1.0717906830680102
pos,powered,H3K23me2,Histone ChIP-seq,5,25,0.2,103,476,0.21638655462184875,0.9053398058252428,1.0,1.0,-0.04664291069087454
pos,powered,EMX1,TF ChIP-seq,2,25,0.08,14,476,0.029411764705882353,2.869565217391304,0.18711704800079884,1.0,1.7626678034858274
pos,powered,ERG,TF ChIP-seq,1,25,0.04,10,476,0.02100840336134454,1.9416666666666667,0.4338637607036576,1.0,1.4436685046789464
pos,powered,ESRRA,TF ChIP-seq,1,25,0.04,28,476,0.058823529411764705,0.6666666666666666,1.0,1.0,-0.05367318263953247
pos,powered,ETV6,TF ChIP-seq,5,25,0.2,81,476,0.17016806722689076,1.2191358024691359,0.7845430652391495,1.0,0.3806853442609277
pos,powered,EZH2,TF ChIP-seq,3,25,0.12,43,476,0.09033613445378151,1.3731501057082451,0.4924056760880074,1.0,0.632446513101036
pos,powered,FOSL1,TF ChIP-seq,1,25,0.04,4,476,0.008403361344537815,4.916666666666667,0.22662872704774376,1.0,2.6844981742720706
pos,powered,FOXJ3,TF ChIP-seq,0,25,0.0,3,476,0.0063025210084033615,0.0,1.0,1.0,1.4074403514392853
pos,powered,EP300,TF ChIP-seq,1,25,0.04,6,476,0.012605042016806723,3.263888888888889,0.302699581730853,1.0,2.1478638511933923
pos,powered,CTBP2,TF ChIP-seq,1,25,0.04,27,476,0.05672268907563025,0.6929012345679012,1.0,1.0,0.0010702485957356466
pos,powered,H3K27ac,Histone ChIP-seq,15,25,0.6,207,476,0.43487394957983194,1.9492753623188406,0.14701040811752103,1.0,0.9390528241263333
pos,powered,H3K36me3,Histone ChIP-seq,2,25,0.08,46,476,0.09663865546218488,0.8128544423440454,1.0,1.0,-0.021950140501462496
pos,powered,MYBL2,TF ChIP-seq,2,25,0.08,39,476,0.0819327731092437,0.9743589743589743,1.0,1.0,0.23669770175231322
pos,powered,CEBPB,TF ChIP-seq,3,25,0.12,43,476,0.09033613445378151,1.3731501057082451,0.4924056760880074,1.0,0.632446513101036
pos,powered,MXD4,TF ChIP-seq,0,25,0.0,1,476,0.0021008403361344537,0.0,1.0,1.0,2.6359136881679115
pos,powered,MLX,TF ChIP-seq,1,25,0.04,9,476,0.018907563025210083,2.162037037037037,0.4034916448615792,1.0,1.5911476979373615
pos,powered,MAX,TF ChIP-seq,8,25,0.32,114,476,0.23949579831932774,1.4943240454076367,0.3466975548590109,1.0,0.6208132211107258
pos,powered,MAFK,TF ChIP-seq,0,25,0.0,36,476,0.07563025210084033,0.0,0.24333482194768338,1.0,-2.0792516919310993
pos,powered,CHD1,TF ChIP-seq,2,25,0.08,23,476,0.04831932773109244,1.712665406427221,0.3585325702078309,1.0,1.0377091320606102
pos,powered,ZNF671,TF ChIP-seq,1,25,0.04,6,476,0.012605042016806723,3.263888888888889,0.302699581730853,1.0,2.1478638511933923
pos,powered,KDM1A,TF ChIP-seq,2,25,0.08,49,476,0.10294117647058823,0.7577639751552795,1.0,1.0,-0.1222367670966245
pos,powered,JUND,TF ChIP-seq,4,25,0.16,42,476,0.08823529411764706,1.9682539682539681,0.2727129826490644,1.0,1.097481677416913
pos,powered,JUN,TF ChIP-seq,1,25,0.04,20,476,0.04201680672268908,0.95,1.0,1.0,0.4471717019720862
pos,powered,IRF2,TF ChIP-seq,1,25,0.04,6,476,0.012605042016806723,3.263888888888889,0.302699581730853,1.0,2.1478638511933923
pos,powered,IRF1,TF ChIP-seq,2,25,0.08,20,476,0.04201680672268908,1.982608695652174,0.3013795306550034,1.0,1.2442582885758635
pos,powered,HMGXB4,TF ChIP-seq,6,25,0.24,92,476,0.19327731092436976,1.3180778032036613,0.6042942359449325,1.0,0.4704958267243583
pos,powered,HMGA2,TF ChIP-seq,0,25,0.0,8,476,0.01680672268907563,0.0,1.0,1.0,0.11201705443735191
pos,powered,HDAC6,TF ChIP-seq,0,25,0.0,2,476,0.004201680672268907,0.0,1.0,1.0,1.8959108401622515
pos,powered,CHD7,TF ChIP-seq,0,25,0.0,16,476,0.03361344537815126,0.0,1.0,1.0,-0.8697621152386135
pos,powered,H3K4ac,Histone ChIP-seq,1,25,0.04,6,476,0.012605042016806723,3.263888888888889,0.302699581730853,1.0,2.1478638511933923
pos,powered,H3K4me1,Histone ChIP-seq,19,25,0.76,311,476,0.6533613445378151,1.680064308681672,0.38682729228967305,1.0,0.672561554504372
pos,powered,H3K4me2,Histone ChIP-seq,15,25,0.6,240,476,0.5042016806722689,1.475,0.41433461526799964,1.0,0.5376821771774682
pos,powered,H3K4me3,Histone ChIP-seq,12,25,0.48,220,476,0.46218487394957986,1.0741258741258741,1.0,1.0,0.10714885766078963
pos,powered,H3K56ac,Histone ChIP-seq,0,25,0.0,16,476,0.03361344537815126,0.0,1.0,1.0,-0.8697621152386135
pos,powered,H3K79me1,Histone ChIP-seq,1,25,0.04,28,476,0.058823529411764705,0.6666666666666666,1.0,1.0,-0.05367318263953247
pos,powered,H3K27me3,Histone ChIP-seq,5,25,0.2,113,476,0.23739495798319327,0.8030973451327433,0.8113919463061081,1.0,-0.21885731935210698
pos,powered,H3K79me2,Histone ChIP-seq,0,25,0.0,33,476,0.06932773109243698,0.0,0.39676301298347755,1.0,-1.9457242381282043
pos,powered,H3K9me3,Histone ChIP-seq,0,25,0.0,24,476,0.05042016806722689,0.0,0.6237033653564727,1.0,-1.4653612041161361
pos,powered,H3T11ph,Histone ChIP-seq,0,25,0.0,13,476,0.0273109243697479,0.0,1.0,1.0,-0.5708873155094333
pos,powered,H4K20me1,Histone ChIP-seq,0,25,0.0,21,476,0.04411764705882353,0.0,0.6158410616327594,1.0,-1.267382852871543
pos,powered,H4K5ac,Histone ChIP-seq,6,25,0.24,106,476,0.22268907563025211,1.102284011916584,0.8077723811407802,1.0,0.2136576113588395
pos,powered,H4K8ac,Histone ChIP-seq,0,25,0.0,23,476,0.04831932773109244,0.0,0.6203189059039154,1.0,-1.4020554531206104
pos,powered,H4K91ac,Histone ChIP-seq,1,25,0.04,12,476,0.025210084033613446,1.6111111111111112,0.4902151204433088,1.0,1.1859312532138764
pos,powered,H3K9ac,Histone ChIP-seq,5,25,0.2,98,476,0.20588235294117646,0.9642857142857143,1.0,1.0,0.043977284548568876
pos,powered,KDM4A,TF ChIP-seq,7,25,0.28,98,476,0.20588235294117646,1.5,0.4474529765630385,1.0,0.6395349005089241
pos,all,KDM5A,TF ChIP-seq,4,25,0.16,7,655,0.010687022900763359,17.632653061224488,0.0003963488408081592,0.06381216337011364,4.177732415383395
pos,all,MXI1,TF ChIP-seq,5,25,0.2,29,655,0.044274809160305344,5.396551724137931,0.005967001113196576,0.4803435896123244,2.510407263979233
pos,all,FOXP1,TF ChIP-seq,7,25,0.28,63,655,0.09618320610687023,3.654320987654321,0.009605394730396111,0.5154895171979247,1.9194238869930242
pos,all,AFF4,TF ChIP-seq,2,25,0.08,11,655,0.016793893129770993,5.090909090909091,0.07899930921435423,0.641821797696363,2.575813835514363
pos,all,HDAC2,TF ChIP-seq,7,25,0.28,81,655,0.12366412213740458,2.7558299039780523,0.03232921694367119,0.641821797696363,1.5148721583946045
pos,all,H2BK12ac,Histone ChIP-seq,15,25,0.6,247,655,0.37709923664122136,2.477732793522267,0.03459290204788772,0.641821797696363,1.2847864407868266
pos,all,KAT7,TF ChIP-seq,3,25,0.12,28,655,0.042748091603053436,3.0535714285714284,0.0999032925276843,0.641821797696363,1.776083460401322
pos,all,POLR2A,TF ChIP-seq,8,25,0.32,89,655,0.13587786259541984,2.9927296761401188,0.01727222255912456,0.641821797696363,1.6202961928616322
pos,all,POLR2AphosphoS5,TF ChIP-seq,6,25,0.24,74,655,0.11297709923664122,2.4793741109530583,0.1031106109018194,0.641821797696363,1.3795043602899006
pos,all,PRRX2,TF ChIP-seq,2,25,0.08,12,655,0.0183206106870229,4.659420289855072,0.09012567586800271,0.641821797696363,2.453279391655702
pos,all,RBBP5,TF ChIP-seq,7,25,0.28,97,655,0.1480916030534351,2.2371134020618557,0.08649793659340126,0.641821797696363,1.215520386713273
pos,all,SRF,TF ChIP-seq,2,25,0.08,13,655,0.01984732824427481,4.294314381270903,0.10169411576360719,0.641821797696363,2.340004385127497
pos,all,STAT6,TF ChIP-seq,2,25,0.08,5,655,0.007633587786259542,11.304347826086957,0.02435018309527402,0.641821797696363,3.653312871290223
pos,all,TAF7,TF ChIP-seq,4,25,0.16,38,655,0.05801526717557252,3.092731829573935,0.06157865945292931,0.641821797696363,1.747169032517353
pos,all,ZBTB21,TF ChIP-seq,4,25,0.16,38,655,0.05801526717557252,3.092731829573935,0.06157865945292931,0.641821797696363,1.747169032517353
pos,all,RNF2,TF ChIP-seq,3,25,0.12,19,655,0.02900763358778626,4.564593301435407,0.04258719050187987,0.641821797696363,2.344116310767039
pos,all,H3K27ac,Histone ChIP-seq,15,25,0.6,264,655,0.4030534351145038,2.221590909090909,0.06173153450082577,0.641821797696363,1.1276234727851298
pos,all,ZNF184,TF ChIP-seq,4,25,0.16,38,655,0.05801526717557252,3.092731829573935,0.06157865945292931,0.641821797696363,1.747169032517353
pos,all,ZBTB43,TF ChIP-seq,4,25,0.16,44,655,0.06717557251908397,2.645021645021645,0.09207634180713148,0.641821797696363,1.5241355043012033
pos,all,CBFB,TF ChIP-seq,2,25,0.08,13,655,0.01984732824427481,4.294314381270903,0.10169411576360719,0.641821797696363,2.340004385127497
pos,all,CHD2,TF ChIP-seq,4,25,0.16,39,655,0.059541984732824425,3.0085470085470085,0.066209478275251,0.641821797696363,1.7078365829659505
pos,all,ARID4B,TF ChIP-seq,4,25,0.16,43,655,0.06564885496183206,2.7109634551495017,0.08654786223295514,0.641821797696363,1.559282784781419
pos,all,ZNF281,TF ChIP-seq,4,25,0.16,46,655,0.07022900763358779,2.5217391304347827,0.10364824062177291,0.641821797696363,1.4559838462523953
pos,all,ZNF138,TF ChIP-seq,2,25,0.08,12,655,0.0183206106870229,4.659420289855072,0.09012567586800271,0.641821797696363,2.453279391655702
pos,all,ZMAT4,TF ChIP-seq,2,25,0.08,7,655,0.010687022900763359,8.049689440993788,0.039895277198405216,0.641821797696363,3.2014114118529062
pos,all,BACH1,TF ChIP-seq,5,25,0.2,61,655,0.09312977099236641,2.4344262295081966,0.08490184049818364,0.641821797696363,1.3748981084256293
pos,all,AR,TF ChIP-seq,2,25,0.08,14,655,0.021374045801526718,3.981366459627329,0.11366018194993056,0.6535460462121008,2.2346637031718353
pos,all,E2F4,TF ChIP-seq,2,25,0.08,14,655,0.021374045801526718,3.981366459627329,0.11366018194993056,0.6535460462121008,2.2346637031718353
pos,all,ZNF121,TF ChIP-seq,4,25,0.16,53,655,0.08091603053435115,2.1635220125786163,0.1492042705421587,0.8007295852429185,1.2370106914563914
pos,all,ASH2L,TF ChIP-seq,9,25,0.36,148,655,0.22595419847328244,1.9269425675675675,0.14437095555113352,0.8007295852429185,0.976478285356905
pos,all,H3K4me2,Histone ChIP-seq,15,25,0.6,296,655,0.45190839694656487,1.8192567567567568,0.1569887482906019,0.8153286604769969,0.839838553501409
pos,all,ZNF425,TF ChIP-seq,1,25,0.04,7,655,0.010687022900763359,3.857142857142857,0.26010278242812873,0.8292031153119962,2.404324825249129
pos,all,IRF2,TF ChIP-seq,1,25,0.04,6,655,0.00916030534351145,4.506944444444445,0.23155736508353503,0.8292031153119962,2.612998653912737
pos,all,IRF1,TF ChIP-seq,2,25,0.08,21,655,0.03206106870229008,2.6252587991718426,0.20530844736090886,0.8292031153119962,1.650550842348733
pos,all,HMGXB4,TF ChIP-seq,6,25,0.24,108,655,0.1648854961832061,1.5994152046783625,0.28720834096548165,0.8292031153119962,0.7502014213229002
pos,all,H3K4me1,Histone ChIP-seq,19,25,0.76,423,655,0.6458015267175573,1.7368006304176518,0.2897211228642747,0.8292031153119962,0.7198312473843513
pos,all,JUND,TF ChIP-seq,4,25,0.16,55,655,0.08396946564885496,2.0779220779220777,0.2625931478147028,0.8292031153119962,1.1792648160957426
pos,all,MAFK,TF ChIP-seq,0,25,0.0,52,655,0.07938931297709924,0.0,0.24771023384365293,0.8292031153119962,-2.1494608988825967
pos,all,USF2,TF ChIP-seq,5,25,0.2,69,655,0.10534351145038168,2.1231884057971016,0.177878684701462,0.8292031153119962,1.1789258393242146
pos,all,MLX,TF ChIP-seq,1,25,0.04,9,655,0.013740458015267175,2.990740740740741,0.31417012443497994,0.8292031153119962,2.0588317029726166
pos,all,NRF1,TF ChIP-seq,2,25,0.08,23,655,0.035114503816793895,2.389413988657845,0.23303970556842402,0.8292031153119962,1.51767206111376
pos,all,PREB,TF ChIP-seq,1,25,0.04,8,655,0.012213740458015267,3.3697916666666665,0.2876287205818443,0.8292031153119962,2.221526197929525
pos,all,RELA,TF ChIP-seq,2,25,0.08,23,655,0.035114503816793895,2.389413988657845,0.23303970556842402,0.8292031153119962,1.51767206111376
pos,all,REST,TF ChIP-seq,1,25,0.04,9,655,0.013740458015267175,2.990740740740741,0.31417012443497994,0.8292031153119962,2.0588317029726166
pos,all,H3K4ac,Histone ChIP-seq,1,25,0.04,8,655,0.012213740458015267,3.3697916666666665,0.2876287205818443,0.8292031153119962,2.221526197929525
pos,all,SIN3A,TF ChIP-seq,8,25,0.32,133,655,0.20305343511450383,1.8469703670942061,0.20446596562334576,0.8292031153119962,0.9267711195860642
pos,all,SP2,TF ChIP-seq,1,25,0.04,9,655,0.013740458015267175,2.990740740740741,0.31417012443497994,0.8292031153119962,2.0588317029726166
pos,all,ZBTB33,TF ChIP-seq,2,25,0.08,26,655,0.03969465648854962,2.1036789297658864,0.27511411828839916,0.8292031153119962,1.3374813563655423
pos,all,TGIF2,TF ChIP-seq,4,25,0.16,60,655,0.0916030534351145,1.8888888888888888,0.28215263756183806,0.8292031153119962,1.042754707329734
pos,all,USF1,TF ChIP-seq,5,25,0.2,70,655,0.10687022900763359,2.0892857142857144,0.18123319040723532,0.8292031153119962,1.155853622121635
pos,all,MAX,TF ChIP-seq,8,25,0.32,132,655,0.2015267175572519,1.8645276292335116,0.20307546146951827,0.8292031153119962,0.9403770017856199
pos,all,PHF8,TF ChIP-seq,4,25,0.16,58,655,0.08854961832061069,1.9605911330049262,0.2735434264470416,0.8292031153119962,1.0960904300249208
pos,all,KDM4A,TF ChIP-seq,7,25,0.28,115,655,0.17557251908396945,1.826086956521739,0.1861452365002096,0.8292031153119962,0.9238389962981614
pos,all,ZSCAN18,TF ChIP-seq,1,25,0.04,9,655,0.013740458015267175,2.990740740740741,0.31417012443497994,0.8292031153119962,2.0588317029726166
pos,all,FOXK1,TF ChIP-seq,4,25,0.16,66,655,0.10076335877862595,1.6998556998557,0.3133669257720768,0.8292031153119962,0.8917258142187875
pos,all,FOSL1,TF ChIP-seq,1,25,0.04,4,655,0.0061068702290076335,6.78125,0.1712623521269509,0.8292031153119962,3.1479490237317704
pos,all,H2AK5ac,Histone ChIP-seq,9,25,0.36,158,655,0.24122137404580152,1.7693829113924051,0.23356802275359562,0.8292031153119962,0.853747079376736
pos,all,EP300,TF ChIP-seq,1,25,0.04,8,655,0.012213740458015267,3.3697916666666665,0.2876287205818443,0.8292031153119962,2.221526197929525
pos,all,EMX1,TF ChIP-seq,2,25,0.08,21,655,0.03206106870229008,2.6252587991718426,0.20530844736090886,0.8292031153119962,1.650550842348733
pos,all,BRCA1,TF ChIP-seq,1,25,0.04,7,655,0.010687022900763359,3.857142857142857,0.26010278242812873,0.8292031153119962,2.404324825249129
pos,all,E2F5,TF ChIP-seq,3,25,0.12,43,655,0.06564885496183206,1.9408033826638478,0.23546392906076793,0.8292031153119962,1.1311243637691342
pos,all,CHD1,TF ChIP-seq,2,25,0.08,31,655,0.04732824427480916,1.7503506311360448,0.34514581203147193,0.8820392974137615,1.076617081317766
pos,all,CREB1,TF ChIP-seq,1,25,0.04,10,655,0.015267175572519083,2.6875,0.3397607914336745,0.8820392974137615,1.9122085191343783
pos,all,TEAD1,TF ChIP-seq,5,25,0.2,82,655,0.1251908396946565,1.7469512195121952,0.35271316460030977,0.8872940546976543,0.8992070757892228
pos,all,MYC,TF ChIP-seq,2,25,0.08,32,655,0.04885496183206107,1.6929347826086956,0.3589858396576783,0.8889966458080604,1.0292171800109406
pos,all,ZNF219,TF ChIP-seq,1,25,0.04,11,655,0.016793893129770993,2.4393939393939394,0.3644334075983353,0.8889966458080604,1.778727248910586
pos,all,TCF7,TF ChIP-seq,1,25,0.04,14,655,0.021374045801526718,1.9077380952380953,0.43325386634298446,0.8942804164259037,1.4375771165680584
pos,all,H3K79me2,Histone ChIP-seq,0,25,0.0,46,655,0.07022900763358779,0.0,0.4034413860862585,0.8942804164259037,-1.960101742459315
pos,all,NR3C1,TF ChIP-seq,1,25,0.04,14,655,0.021374045801526718,1.9077380952380953,0.43325386634298446,0.8942804164259037,1.4375771165680584
pos,all,H2BK5ac,Histone ChIP-seq,12,25,0.48,253,655,0.38625954198473283,1.4667072058376407,0.40459012110438614,0.8942804164259037,0.555971723609895
pos,all,SP1,TF ChIP-seq,6,25,0.24,115,655,0.17557251908396945,1.482837528604119,0.4231987714150082,0.8942804164259037,0.6414392655974365
pos,all,ELF4,TF ChIP-seq,1,25,0.04,14,655,0.021374045801526718,1.9077380952380953,0.43325386634298446,0.8942804164259037,1.4375771165680584
pos,all,H3K9me3,Histone ChIP-seq,0,25,0.0,43,655,0.06564885496183206,0.0,0.39504895634703274,0.8942804164259037,-1.856802803930291
pos,all,ETV6,TF ChIP-seq,5,25,0.2,93,655,0.14198473282442747,1.510752688172043,0.38750789317905726,0.8942804164259037,0.6906944402359763
pos,all,EZH2,TF ChIP-seq,3,25,0.12,49,655,0.07480916030534351,1.686456400742115,0.4292623540329735,0.8942804164259037,0.93050904076883
pos,all,ATF1,TF ChIP-seq,1,25,0.04,14,655,0.021374045801526718,1.9077380952380953,0.43325386634298446,0.8942804164259037,1.4375771165680584
pos,all,ZNF512,TF ChIP-seq,1,25,0.04,12,655,0.0183206106870229,2.232638888888889,0.3882195824636672,0.8942804164259037,1.656192805051925
pos,all,ZNF671,TF ChIP-seq,1,25,0.04,13,655,0.01984732824427481,2.0576923076923075,0.41114988297102617,0.8942804164259037,1.54291779852372
pos,all,E2F1,TF ChIP-seq,1,25,0.04,15,655,0.022900763358778626,1.7777777777777777,0.45456011196918794,0.9207891113140824,1.3391111065607193
pos,all,H2BK20ac,Histone ChIP-seq,7,25,0.28,140,655,0.21374045801526717,1.4305555555555556,0.4575349621436434,0.9207891113140824,0.572839527126751
pos,all,H4K91ac,Histone ChIP-seq,1,25,0.04,16,655,0.024427480916030534,1.6640625,0.4750962523317941,0.9215722484990223,1.2466590861291316
pos,all,NFATC4,TF ChIP-seq,1,25,0.04,16,655,0.024427480916030534,1.6640625,0.4750962523317941,0.9215722484990223,1.2466590861291316
pos,all,ZNF532,TF ChIP-seq,1,25,0.04,16,655,0.024427480916030534,1.6640625,0.4750962523317941,0.9215722484990223,1.2466590861291316
pos,all,ZNF317,TF ChIP-seq,1,25,0.04,17,655,0.025954198473282442,1.5637254901960784,0.4948890029980158,0.9373779939138888,1.1595124493637055
pos,all,ERG,TF ChIP-seq,1,25,0.04,17,655,0.025954198473282442,1.5637254901960784,0.4948890029980158,0.9373779939138888,1.1595124493637055
pos,all,CTCF,TF ChIP-seq,9,25,0.36,198,655,0.30229007633587784,1.2982954545454546,0.514719889229019,0.9636035135566519,0.40816613011357916
pos,all,H3K4me3,Histone ChIP-seq,12,25,0.48,267,655,0.4076335877862595,1.3414001728608471,0.5361589871205588,0.9922022635219535,0.4273443947304569
pos,all,MXD4,TF ChIP-seq,0,25,0.0,4,655,0.0061068702290076335,0.0,1.0,1.0,1.5052710251543264
pos,all,YY1,TF ChIP-seq,5,25,0.2,124,655,0.18931297709923664,1.0705645161290323,0.7996188708320868,1.0,0.19580356348223732
pos,all,H3K9ac,Histone ChIP-seq,5,25,0.2,120,655,0.183206106870229,1.1145833333333333,0.7940926490700506,1.0,0.2537330425395077
pos,all,CREM,TF ChIP-seq,1,25,0.04,44,655,0.06717557251908397,0.5785984848484849,1.0,1.0,-0.24927208583306307
pos,all,TRERF1,TF ChIP-seq,0,25,0.0,5,655,0.007633587786259542,0.0,1.0,1.0,1.2135482861090023
pos,all,TP53,TF ChIP-seq,1,25,0.04,33,655,0.050381679389312976,0.7853535353535354,1.0,1.0,0.1860934931036188
pos,all,CTBP2,TF ChIP-seq,1,25,0.04,32,655,0.04885496183206107,0.8111979166666666,1.0,1.0,0.2321305934071636
pos,all,TEAD4,TF ChIP-seq,1,25,0.04,22,655,0.03358778625954199,1.1988636363636365,0.5835763635591517,1.0,0.7856003694170828
pos,all,H3T11ph,Histone ChIP-seq,0,25,0.0,20,655,0.030534351145038167,0.0,1.0,1.0,-0.7182290315846205
pos,all,H4K20me1,Histone ChIP-seq,0,25,0.0,25,655,0.03816793893129771,0.0,1.0,1.0,-1.0444981236147712
pos,all,TCF12,TF ChIP-seq,2,25,0.08,67,655,0.10229007633587786,0.763140817650876,1.0,1.0,-0.1085777488026617
pos,all,TBP,TF ChIP-seq,4,25,0.16,120,655,0.183206106870229,0.8492063492063492,1.0,1.0,-0.10448632473949127
pos,all,TAF1,TF ChIP-seq,5,25,0.2,101,655,0.15419847328244274,1.3712871287128714,0.571612237862955,1.0,0.5515873469957474
pos,all,SUZ12,TF ChIP-seq,1,25,0.04,48,655,0.0732824427480916,0.5269097222222222,1.0,1.0,-0.3829195870880364
pos,all,CHD7,TF ChIP-seq,0,25,0.0,27,655,0.04122137404580153,0.0,0.6174943320442772,1.0,-1.1580161210756474
pos,all,H3K79me1,Histone ChIP-seq,1,25,0.04,33,655,0.050381679389312976,0.7853535353535354,1.0,1.0,0.1860934931036188
pos,all,CEBPB,TF ChIP-seq,3,25,0.12,61,655,0.09312977099236641,1.3278688524590163,0.7222615034179487,1.0,0.5885203201343454
pos,all,ZKSCAN8,TF ChIP-seq,0,25,0.0,14,655,0.021374045801526718,0.0,1.0,1.0,-0.2051008820093853
pos,all,H3K36me3,Histone ChIP-seq,2,25,0.08,65,655,0.09923664122137404,0.7892976588628763,1.0,1.0,-0.060290508930568136
pos,all,H3K23ac,Histone ChIP-seq,0,25,0.0,10,655,0.015267175572519083,0.0,1.0,1.0,0.2695305205569347
pos,all,H3K18ac,Histone ChIP-seq,6,25,0.24,145,655,0.22137404580152673,1.1107078039927405,0.8078809707240597,1.0,0.22592930724836152
pos,all,ZNF423,TF ChIP-seq,2,25,0.08,62,655,0.09465648854961832,0.8316970546984572,1.0,1.0,0.014659178189544774
pos,all,ZNF416,TF ChIP-seq,1,25,0.04,21,655,0.03206106870229008,1.257936507936508,0.5671299324200978,1.0,0.8534642557449559
pos,all,ZNF396,TF ChIP-seq,0,25,0.0,1,655,0.0015267175572519084,0.0,1.0,1.0,3.096861539252589
pos,all,H3K14ac,Histone ChIP-seq,4,25,0.16,132,655,0.2015267175572519,0.7546897546897547,0.8002840843997114,1.0,-0.27414257577953866
pos,all,ATF2,TF ChIP-seq,0,25,0.0,8,655,0.012213740458015267,0.0,1.0,1.0,0.5788481993520813
pos,all,ZNF263,TF ChIP-seq,0,25,0.0,31,655,0.04732824427480916,0.0,0.6220513089577691,1.0,-1.3631475038634548
pos,all,ZNF232,TF ChIP-seq,2,25,0.08,45,655,0.06870229007633588,1.178743961352657,0.6886853122950295,1.0,0.5133920879984321
pos,all,ATF3,TF ChIP-seq,0,25,0.0,6,655,0.00916030534351145,0.0,1.0,1.0,0.9703206553352933
pos,all,ZNF143,TF ChIP-seq,1,25,0.04,31,655,0.04732824427480916,0.8387096774193549,1.0,1.0,0.279530494713989
pos,all,ATF6,TF ChIP-seq,0,25,0.0,5,655,0.007633587786259542,0.0,1.0,1.0,1.2135482861090023
pos,all,BCL11A,TF ChIP-seq,0,25,0.0,2,655,0.0030534351145038168,0.0,1.0,1.0,2.3576899889365754
pos,all,H3K56ac,Histone ChIP-seq,0,25,0.0,19,655,0.02900763358778626,0.0,1.0,1.0,-0.6438108569323862
pos,all,H4K5ac,Histone ChIP-seq,6,25,0.24,130,655,0.1984732824427481,1.2753036437246963,0.6115194022666827,1.0,0.4246784566711377
pos,all,H4K8ac,Histone ChIP-seq,0,25,0.0,28,655,0.042748091603053436,0.0,0.6179065382544273,1.0,-1.211843707298103
pos,all,SP4,TF ChIP-seq,2,25,0.08,43,655,0.06564885496183206,1.237613751263903,0.678036822562891,1.0,0.5829617812509296
pos,all,E2F6,TF ChIP-seq,5,25,0.2,114,655,0.17404580152671756,1.1864035087719298,0.7876671180276391,1.0,0.3434933535305968
pos,all,JUN,TF ChIP-seq,1,25,0.04,23,655,0.035114503816793895,1.144927536231884,0.5994220118255467,1.0,0.7205854745099831
pos,all,H2AFZ,Histone ChIP-seq,10,25,0.4,227,655,0.3465648854961832,1.2569750367107195,0.6695538133785851,1.0,0.3515497714183264
pos,all,FOXJ3,TF ChIP-seq,0,25,0.0,5,655,0.007633587786259542,0.0,1.0,1.0,1.2135482861090023
pos,all,OTX2,TF ChIP-seq,1,25,0.04,22,655,0.03358778625954199,1.1988636363636365,0.5835763635591517,1.0,0.7856003694170828
pos,all,KDM1A,TF ChIP-seq,2,25,0.08,67,655,0.10229007633587786,0.763140817650876,1.0,1.0,-0.1085777488026617
pos,all,GTF2I,TF ChIP-seq,1,25,0.04,31,655,0.04732824427480916,0.8387096774193549,1.0,1.0,0.279530494713989
pos,all,NR2C2,TF ChIP-seq,0,25,0.0,20,655,0.030534351145038167,0.0,1.0,1.0,-0.7182290315846205
pos,all,NR1H2,TF ChIP-seq,0,25,0.0,6,655,0.00916030534351145,0.0,1.0,1.0,0.9703206553352933
pos,all,NFYB,TF ChIP-seq,1,25,0.04,29,655,0.044274809160305344,0.8994252873563219,1.0,1.0,0.3787803065659673
pos,all,NFE2L1,TF ChIP-seq,2,25,0.08,43,655,0.06564885496183206,1.237613751263903,0.678036822562891,1.0,0.5829617812509296
pos,all,GTF2F1,TF ChIP-seq,0,25,0.0,14,655,0.021374045801526718,0.0,1.0,1.0,-0.2051008820093853
pos,all,NANOG,TF ChIP-seq,1,25,0.04,37,655,0.05648854961832061,0.6959459459459459,1.0,1.0,0.014063751086436658
pos,all,GABPB1,TF ChIP-seq,2,25,0.08,63,655,0.09618320610687023,0.8171152518978606,1.0,1.0,-0.010674099776819483
pos,all,MYBL2,TF ChIP-seq,2,25,0.08,46,655,0.07022900763358779,1.1512287334593572,0.6941161321975157,1.0,0.4796628427219057
pos,all,FOXP4,TF ChIP-seq,3,25,0.12,62,655,0.09465648854961832,1.3042521994134897,0.724143724212658,1.0,0.562821760707749
pos,all,POU5F1,TF ChIP-seq,0,25,0.0,32,655,0.04885496183206107,0.0,0.6242868024829948,1.0,-1.41054740517028
pos,all,PRDM15,TF ChIP-seq,2,25,0.08,43,655,0.06564885496183206,1.237613751263903,0.678036822562891,1.0,0.5829617812509296
pos,all,JAZF1,TF ChIP-seq,0,25,0.0,1,655,0.0015267175572519084,0.0,1.0,1.0,3.096861539252589
pos,all,ESRRA,TF ChIP-seq,1,25,0.04,30,655,0.04580152671755725,0.8680555555555556,1.0,1.0,0.32838139320888154
pos,all,HDAC6,TF ChIP-seq,0,25,0.0,2,655,0.0030534351145038168,0.0,1.0,1.0,2.3576899889365754
pos,all,SMAD4,TF ChIP-seq,0,25,0.0,12,655,0.0183206106870229,0.0,1.0,1.0,0.013514806474481637
pos,all,SMAD3,TF ChIP-seq,2,25,0.08,36,655,0.0549618320610687,1.4951690821256038,0.6445662454352243,1.0,0.8524751564703094
pos,all,SIX5,TF ChIP-seq,0,25,0.0,13,655,0.01984732824427481,0.0,1.0,1.0,-0.0997602000537237
pos,all,SIX4,TF ChIP-seq,1,25,0.04,36,655,0.0549618320610687,0.7164351851851852,1.0,1.0,0.05538856986653228
pos,all,SIRT6,TF ChIP-seq,0,25,0.0,3,655,0.004580152671755725,0.0,1.0,1.0,1.870053827428147
pos,all,EGR1,TF ChIP-seq,2,25,0.08,47,655,0.0717557251908397,1.1248843663274746,0.699601391430261,1.0,0.4465970875925054
pos,all,GABPA,TF ChIP-seq,2,25,0.08,39,655,0.059541984732824425,1.3734671125975473,0.6579888624779452,1.0,0.7315155794354612
pos,all,SAP30,TF ChIP-seq,1,25,0.04,27,655,0.04122137404580153,0.9691358024691358,1.0,1.0,0.48466187750179607
pos,all,RORB,TF ChIP-seq,0,25,0.0,2,655,0.0030534351145038168,0.0,1.0,1.0,2.3576899889365754
pos,all,HMGA2,TF ChIP-seq,0,25,0.0,9,655,0.013740458015267175,0.0,1.0,1.0,0.41615370439517335
pos,all,RFX5,TF ChIP-seq,0,25,0.0,8,655,0.012213740458015267,0.0,1.0,1.0,0.5788481993520813
pos,all,H2BK15ac,Histone ChIP-seq,6,25,0.24,127,655,0.19389312977099238,1.3128885205138832,0.6065243950946698,1.0,0.46644372380266885
pos,all,H2BK120ac,Histone ChIP-seq,3,25,0.12,79,655,0.12061068702290076,0.9942462600690449,1.0,1.0,0.17379566809534588
pos,all,H3K23me2,Histone ChIP-seq,5,25,0.2,125,655,0.19083969465648856,1.06,0.8011370408828211,1.0,0.18154500098320644
pos,all,RAD21,TF ChIP-seq,11,25,0.44,290,655,0.44274809160305345,0.9889162561576355,1.0,1.0,-0.0030857965226507847
pos,all,RXRA,TF ChIP-seq,0,25,0.0,15,655,0.022900763358778626,0.0,1.0,1.0,-0.30356689201672415
pos,all,H3K27me3,Histone ChIP-seq,5,25,0.2,133,655,0.20305343511450383,0.981203007518797,1.0,1.0,0.07047090929990485
